,index,Name,Dates,Prices,Link,Filtered
1,2,New ListingAsus gtx 1050 ti 8GB good condition.Â ,2022-03-28,150.0,https://www.ebay.com/itm/403568538644?hash=item5df68f3414:g:UgwAAOSwtupiQIM0,False
2,3,"New ListingEVGA GeForce GTX 1050 TI SC Gaming (4GB, GDDR5 Graphics Card)",2022-03-27,149.0,https://www.ebay.com/itm/384801626548?epid=20003297363&hash=item5997f6d9b4:g:xx0AAOSwppViOcmv,False
3,4,"Dell NVidia GeForce GTX 1050TI Video Card, 4GB GDDR5, DVI, HDMI, DisplayPort",2022-03-27,149.95,https://www.ebay.com/itm/125221462709?hash=item1d27c7e2b5:g:DtcAAOSwAFpiPNTI,False
4,5,NVIDIA GEFORCE GTX 1050 Ti 4GB Graphic Card  BLUE,2022-03-27,150.0,https://www.ebay.com/itm/203866545431?epid=22027052291&hash=item2f77649d17:g:eF0AAOSwpVBiQHaf,False
5,6,MSI GeForce GTX 1050 Ti 4GB PCI Express 3.0 Graphics Card,2022-03-27,138.5,https://www.ebay.com/itm/265612502056?epid=2305807244&hash=item3dd7bd2428:g:tzIAAOSwrMxiPSSN,False
6,7,Barely Used ASUS GeForce GTX 1050 Ti 4GB GDDR5 Graphics Card (PHGTX1050TI4G),2022-03-27,117.5,https://www.ebay.com/itm/134060273218?epid=18036427347&hash=item1f369d6e42:g:FSQAAOSw03JiN9fN,False
7,8,New ListingMSI Nvidia GeForce GTX 1050 Ti 4GB GPU VRAM Graphics Card PC Gaming Used,2022-03-27,149.97,https://www.ebay.com/itm/115314861839?hash=item1ad94d270f:g:vEsAAOSwl1diQP0c,False
8,9,"EVGA GeForce GTX 1050 TI SC Gaming (4GB, GDDR5 Graphics Card)",2022-03-27,126.0,https://www.ebay.com/itm/255453573989?epid=20003297363&hash=item3b7a383365:g:IO0AAOSwTZZiPRss,False
9,10,New ListingEVGA Nvidia GeForce GTX 1050 Ti 4GB GPU VRAM Graphics Card PC Gaming Used,2022-03-27,149.97,https://www.ebay.com/itm/115314862124?hash=item1ad94d282c:g:ULgAAOSwN~diQP1F,False
10,12,New ListingMSI - GTX 1050 TI 4G OC - Graphics Card,2022-03-27,149.99,https://www.ebay.com/itm/185360620888?hash=item2b285a9d58:g:Hq0AAOSwbVdiQPAw,False
11,13,GIGABYTE GTX 1050 Ti OC 4GB GDDR5 Graphics Card (GV-N105TOC-4GD),2022-03-27,165.0,https://www.ebay.com/itm/224904790142?epid=26037356601&hash=item345d5ec07e:g:M6oAAOSwM~diPgK4,False
12,14,MSI GeForce GTX 1050 Ti 4GB GDDR5 Graphics Card Used ,2022-03-27,156.0,https://www.ebay.com/itm/294883127625?epid=22025879252&hash=item44a8677149:g:QZAAAOSw0RFiPOXX,False
13,15,MSI GeForce GTX 1050 Ti 4GB PCI Express 3.0 Graphics Card,2022-03-27,177.0,https://www.ebay.com/itm/203876921405?epid=2305807244&hash=item2f7802f03d:g:icYAAOSw3KRiN7D~,False
14,16,GIGABYTE GTX 1050 Ti OC 4GB GDDR5 Graphics Card (GV-N105TOC-4GD),2022-03-27,127.5,https://www.ebay.com/itm/224900390345?epid=26037356601&hash=item345d1b9dc9:g:vsAAAOSwJbNiOQQb,False
15,17,ASUS GeForce GTX 1050 Ti 4GB GDDR5 Graphics Card (PHGTX1050TI4G),2022-03-27,135.0,https://www.ebay.com/itm/265612228441?epid=18036427347&hash=item3dd7b8f759:g:IdIAAOSwNm5iOPc3,False
16,18,EVGA GEFORCE GTX 1050 Ti SSC Gaming 4GB,2022-03-27,189.99,https://www.ebay.com/itm/265615458828?hash=item3dd7ea420c:g:KhQAAOSwamBiP61G,False
17,19,EVGA 04G-P4-6255-KR GeForce GTX 1050 TI SSC Gaming 4GB GDDR5 Graphics Card,2022-03-27,128.0,https://www.ebay.com/itm/265615467204?epid=19032163836&hash=item3dd7ea62c4:g:MygAAOSwZbBiP7Eu,False
18,20,"EVGA GeForce GTX 1050 TI SC Gaming (4GB, GDDR5 Graphics Card)",2022-03-27,122.5,https://www.ebay.com/itm/125213385069?epid=20003297363&hash=item1d274ca16d:g:30AAAOSwVQNiN3us,False
19,21,Asus GeForce GTX 1050 Ti 4GB GDDR5 OC Edition Graphics Card GPU *FAST FREE S/H!*,2022-03-27,184.99,https://www.ebay.com/itm/185343092119?hash=item2b274f2597:g:mx4AAOSwmE5iMlD7,False
22,24,EVGA 04G-P4-6255-KR GeForce GTX 1050 TI SSC Gaming 4GB GDDR5 Graphics Card,2022-03-27,150.0,https://www.ebay.com/itm/275230823623?epid=19032163836&hash=item40150914c7:g:UmwAAOSwGuViPJHT,False
23,25,EVGA GeForce GTX 1050 Ti SSC GAMING 4GB GDDR5 Graphics Card (04G-P4-6255-KB),2022-03-27,150.0,https://www.ebay.com/itm/313931842479?epid=631607182&hash=item4917cbc3af:g:sQMAAOSwOTNiP5-8,False
25,27,"EVGA GeForce GTX 1050 TI SC Gaming (4GB, GDDR5 Graphics Card)",2022-03-27,137.5,https://www.ebay.com/itm/175213179091?epid=20003297363&hash=item28cb84f0d3:g:Ir0AAOSwTXViNKu8,False
26,28,GIGABYTE NVIDIA GeForce GTX 1050 TI 4GB GDDR5 Graphics Card (GVN105TOC4GL),2022-03-27,143.0,https://www.ebay.com/itm/234474626470?epid=11030515113&hash=item3697c6dda6:g:Y0sAAOSwpw1iNxTP,False
27,31,GIGABYTE GTX 1050 Ti OC 4GB GDDR5 Graphics Card (GV-N105TOC-4GD),2022-03-26,140.0,https://www.ebay.com/itm/224898808951?epid=26037356601&hash=item345d037c77:g:vsAAAOSwJbNiOQQb,False
28,32,GIGABYTE GTX 1050 Ti OC 4GB GDDR5 Graphics Card (GV-N105TOC-4GD),2022-03-26,135.0,https://www.ebay.com/itm/224898713721?epid=26037356601&hash=item345d020879:g:vsAAAOSwJbNiOQQb,False
29,33,"EVGA GeForce GTX 1050 TI SC Gaming (4GB, GDDR5 Graphics Card)",2022-03-26,147.6,https://www.ebay.com/itm/393994398005?epid=20003297363&hash=item5bbbe56935:g:J2YAAOSwpDhiNlMg,False
30,34,msi geforce gtx 1050 ti gaming x 4g,2022-03-26,128.25,https://www.ebay.com/itm/294873489293?hash=item44a7d45f8d:g:tkYAAOSw~NRiNkK5,False
31,35,EVGA GeForce GTX 1050 TI SSC Gaming 4GB GDDR5 Graphics Card,2022-03-26,160.0,https://www.ebay.com/itm/294885276804?epid=19032163836&hash=item44a8883c84:g:q4cAAOSwiGViPoDn,False
32,37,"EVGA GeForce GTX 1050 TI SC Gaming (4GB, GDDR5 Graphics Card)",2022-03-26,145.0,https://www.ebay.com/itm/373984165976?epid=20003297363&hash=item5713318058:g:lc8AAOSw2XRiNOIk,False
33,38,MSI Geforce GTX 1050 ti 4 GB Video Card 1050ti 4gb Ge Force Gaming X,2022-03-26,160.5,https://www.ebay.com/itm/384788960039?hash=item5997359327:g:tTwAAOSwKGNiNiXO,False
34,39,ZOTAC Geforce GTX 1050 Ti Mini 4GB GDDR5 Gaming Graphic Card - C08,2022-03-26,125.0,https://www.ebay.com/itm/165394674662?epid=14026724690&hash=item26824a73e6:g:9fgAAOSw0GNiHxca,False
35,41,EVGA NVIDIA GeForce GTX 1050 Ti 4GB GDDR5 GPU (04G-P4-6251-KR),2022-03-26,169.0,https://www.ebay.com/itm/255434603512?hash=item3b7916bbf8:g:kwEAAOSwdI1iLnaw,False
36,43,ASUS GeForce GTX 1050 Ti 4GB GDDR5 Graphics Card (PHGTX1050TI4G),2022-03-25,165.0,https://www.ebay.com/itm/134065332101?epid=18036427347&hash=item1f36ea9f85:g:A6IAAOSwPPViPgVn,False
37,44,EVGA GeForce GTX 1050 Ti 4GB GDDR5 04G-p4-6251-kr graphics card,2022-03-25,120.5,https://www.ebay.com/itm/125210573820?hash=item1d2721bbfc:g:nGEAAOSweXliNRCB,False
39,49,ZOTAC Geforce GTX 1050 Ti Mini 4GB GDDR5 Gaming Graphic Card (ZT-P10510A-10L),2022-03-25,110.5,https://www.ebay.com/itm/373982990379?epid=14026724690&hash=item57131f902b:g:X88AAOSwY0ZiNOFY,False
40,50,Used MSI NVIDIA GeForce GTX 1050 TI GAMING X 4GB TWIN FROZR VI ,2022-03-25,136.0,https://www.ebay.com/itm/185340745894?epid=21030523268&hash=item2b272b58a6:g:BxcAAOSwrltiMMCG,False
41,53,ASUS NVIDIA GeForce GTX 1050 TI STRIX OC Gaming 4gb Gddr5Â ,2022-03-25,150.0,https://www.ebay.com/itm/384798876498?epid=5026729071&hash=item5997cce352:g:NBIAAOSwM6NiPe4g,False
42,54,ZOTAC Geforce GTX 1050 Ti Mini,2022-03-25,117.5,https://www.ebay.com/itm/284709858440?epid=14026724690&hash=item424a07ac88:g:H0EAAOSw59FiNJnu,False
43,55,"EVGA GeForce GTX 1050 TI SC Gaming (4GB, GDDR5 Graphics Card)",2022-03-25,122.78,https://www.ebay.com/itm/384793304254?epid=20003297363&hash=item599777dcbe:g:xx0AAOSwppViOcmv,False
44,56,EVGA GeForce GTX 1050 Ti FTW 4GB GDDR5 Graphics Card ACX 3.0,2022-03-25,150.0,https://www.ebay.com/itm/373990107523?epid=16028670613&hash=item57138c2983:g:kWAAAOSwJw9iKXzq,False
45,57,PNY GeForce GTX 1050 Ti OC 4GB GDDR5 Graphics Card,2022-03-25,155.0,https://www.ebay.com/itm/373985832545?hash=item57134aee61:g:RE4AAOSwebJiHZ1H,False
47,59,EVGA GeForce GTX 1050 TI 4gb SC Gaming,2022-03-24,120.5,https://www.ebay.com/itm/393991817905?epid=20003297363&hash=item5bbbbe0ab1:g:pU4AAOSwRU5iM~1O,False
48,60,MSI GeForce GTX 1050 Ti 4 GT OC 4GB 128-Bit GDDR5 HDCP Ready ATX Video Card,2022-03-24,140.0,https://www.ebay.com/itm/304405954961?epid=22025879252&hash=item46e0024191:g:bH8AAOSwGWliG-T~,False
49,62,Asus GeForce GTX 1050 Ti 4GB Phoenix Fan Edition PH-GTX1050TI-4G Graphic Card ,2022-03-24,143.0,https://www.ebay.com/itm/144472901094?epid=28031984310&hash=item21a34185e6:g:DZQAAOSwW~FiOgqe,False
50,63,EVGA GeForceÂ® GTX 1050 Ti Superclocked Gaming 4GB GDDR5,2022-03-24,170.0,https://www.ebay.com/itm/144470892776?epid=20003297363&hash=item21a322e0e8:g:11kAAOSwblJiN9LP,False
51,64,"EVGA GeForce GTX 1050 TI SC Gaming (4GB, GDDR5 Graphics Card)",2022-03-24,128.5,https://www.ebay.com/itm/194922652250?epid=20003297363&hash=item2d624ba25a:g:lIEAAOSw-FxiM7pZ,False
52,65,Open Box - Nvidia Geforce GTX 1050 Ti 4GB GDDR5 128 Bit PCI-E Graphic Card,2022-03-24,150.0,https://www.ebay.com/itm/373978580279?epid=23021240346&hash=item5712dc4537:g:ug4AAOSwZaRiMRwv,False
53,66,ASUS Phoenix GeForce GTX 1050 Ti 4GB GDDR5 Graphics Card,2022-03-24,138.5,https://www.ebay.com/itm/255441229734?epid=19003115284&hash=item3b797bd7a6:g:LZYAAOSw2uNiMijz,False
54,70,MSI NVIDIA GeForce GTX 1050 TI 4GB GDDR5 Graphics Card,2022-03-24,180.0,https://www.ebay.com/itm/175212786738?hash=item28cb7ef432:g:f7MAAOSwNs5iO~2v,False
55,71,GIGABYTE GeForce GTX 1050 TI Windforce OC 4GB GDDR5 Graphics Card,2022-03-24,180.0,https://www.ebay.com/itm/194875773202?epid=18032167986&hash=item2d5f805112:g:pCoAAOSw0GNiGmne,False
56,72,GIGABYTE GeForce GTX 1050 TI Windforce OC 4GB GDDR5 Graphics Card,2022-03-24,180.0,https://www.ebay.com/itm/175212788762?epid=18032167986&hash=item28cb7efc1a:g:ia8AAOSwABRiO~8i,False
57,73,MSI Gaming GeForce GTX 1050 Ti 4GB GDDR5 PCI Express 3.0 x16 ATX Video Card GTX,2022-03-24,198.99,https://www.ebay.com/itm/144462000893?epid=10021692240&hash=item21a29b32fd:g:WbcAAOSwQC9iL-3N,False
58,74,MSI GeForce GTX 1050 Ti 4GB GDDR5 Graphics Card (GTX1050TI4GTOC),2022-03-24,150.0,https://www.ebay.com/itm/313927179119?epid=22025879252&hash=item4917849b6f:g:9SwAAOSwVCliLCsY,False
59,75,graphics/video cards 1050 ti,2022-03-24,120.0,https://www.ebay.com/itm/353971816863?hash=item526a5d499f:g:TqMAAOSw7yViOgXy,False
60,76,Asus GeForce GTX 1050 Ti 4GB GDDR5 Video Graphics Card DUAL-GTX1050TI-O4G,2022-03-23,169.99,https://www.ebay.com/itm/175208570695?epid=5027250635&hash=item28cb3e9f47:g:TYgAAOSwGoRiJ6wE,False
61,77,ASUS GeForce GTX 1050 Ti 4GB GDDR5 Graphics Card (PHGTX1050TI4G),2022-03-23,150.0,https://www.ebay.com/itm/185350460112?epid=18036427347&hash=item2b27bf92d0:g:W~sAAOSwX8ZiLp6j,False
62,78,GIGABYTE GTX 1050 Ti OC 4GB GDDR5 Graphics Card (GV-N105TOC-4GD),2022-03-23,123.5,https://www.ebay.com/itm/384784654758?epid=26037356601&hash=item5996f3e1a6:g:S9EAAOSwWdZhIhJs,False
63,80,"EVGA GeForce GTX 1050 TI Gaming (4GB, GDDR5 Graphics Card)",2022-03-23,145.0,https://www.ebay.com/itm/224900468906?epid=20003297363&hash=item345d1cd0aa:g:YhgAAOSw0qRiOmP0,False
64,81,"EVGA GeForce GTX 1050 TI SC Gaming (4GB, GDDR5 Graphics Card)",2022-03-23,132.5,https://www.ebay.com/itm/393990043466?epid=20003297363&hash=item5bbba2f74a:g:RKAAAOSwYyxiMm~I,False
65,82,MSI GTX1050Ti4GTLP NVIDIA GeForce GTX 1050Ti 4GB GDDR5 Graphics Card,2022-03-23,142.5,https://www.ebay.com/itm/403545664775?epid=20032166712&hash=item5df5322d07:g:4OIAAOSwOPZiFDKW,False
66,83,NVIDIA GeForce GTX 1050 TI 4GB GDDR5 Graphics Card EXCELLENT! Free Shipping,2022-03-23,155.0,https://www.ebay.com/itm/144474411324?hash=item21a358913c:g:CJ8AAOSwDXliO39f,False
67,84,"EVGA GeForce GTX 1050 TI SC Gaming (4GB, GDDR5 Graphics Card) open box",2022-03-23,160.0,https://www.ebay.com/itm/224893796902?epid=20003297363&hash=item345cb70226:g:q2MAAOSwteZiNPEK,False
68,85,EVGA NVIDIA GEFORCE GTX 1050TI SC GRAPHICS CARD | 4GB GDDR5,2022-03-23,160.0,https://www.ebay.com/itm/334375295714?hash=item4dda521ae2:g:HfkAAOSwM0tiOhja,False
69,86,NEW GeForce GTX 1050 4GB MXM3.0 Tybe-A Video Graphics Card N17P-G0-A1,2022-03-23,152.15,https://www.ebay.com/itm/164852411029?hash=item2661f82a95:g:vxUAAOSwVSFfHTkq,False
71,90,MSI GeForce GTX 1050 Ti 4GB PCI Express 3.0 Graphics Card,2022-03-22,187.5,https://www.ebay.com/itm/115297044438?epid=2305807244&hash=item1ad83d47d6:g:JQoAAOSwIDNiL~9J,False
72,92,EVGA NVIDIA GeForce GTX 1050 Ti 4GB GDDR5 GPU (04G-P4-6251-KR) -,2022-03-22,157.5,https://www.ebay.com/itm/144463603465?hash=item21a2b3a709:g:IAcAAOSwAwhiMR7J,False
73,94,EVGA GeForce GTX 1050 Ti,2022-03-22,132.5,https://www.ebay.com/itm/334365612124?hash=item4dd9be585c:g:IooAAOSwlkViMPYw,False
74,97,ASUS Cerberus GeForce GTX 1050 TI 4gb OC Edition Gddr5 Gaming Graphics Card,2022-03-22,181.41,https://www.ebay.com/itm/353961307239?epid=10026728776&hash=item5269bcec67:g:Pe8AAOSwNGBiCF5c,False
75,99,MSI NVIDIA GeForce GTX 1050 TI 4GB GDDR5 Graphics Card,2022-03-22,143.5,https://www.ebay.com/itm/175201795507?epid=21030523268&hash=item28cad73db3:g:6eQAAOSwH4JiMKcG,False
76,100,Asus GeForce GTX 1050 Ti 4GB Single Fan TESTED W/ Box - No I/O Shield ,2022-03-22,149.95,https://www.ebay.com/itm/203877911315?epid=28031984310&hash=item2f78120b13:g:QZgAAOSwN~diNngt,False
77,101,GIGABYTE GeForce GTX 1050 TI Windforce OC 4GB GDDR5 Graphics Card,2022-03-21,185.0,https://www.ebay.com/itm/203865039338?epid=18032167986&hash=item2f774da1ea:g:fDIAAOSwekRiBIB2,False
79,104,ASUS GeForce GTX 1050Ti 4GB,2022-03-21,138.5,https://www.ebay.com/itm/275216658456?hash=item401430f018:g:oLsAAOSw2YxiMqCj,False
81,106,GIGABYTE GV-N105TWF2OC-4GD GEFORCE GTX 1050 TI  4GB GDDR5 Graphics card #75290#,2022-03-21,150.0,https://www.ebay.com/itm/265606879681?hash=item3dd76759c1:g:x7gAAOSwTSJiOM6K,False
82,107,Asus GeForce GTX 1050 Ti 4GB Phoenix Fan Edition PH-GTX1050TI-4G Graphic Card ,2022-03-21,127.5,https://www.ebay.com/itm/304398022554?epid=28031984310&hash=item46df89379a:g:k4IAAOSwA81iL-1S,False
85,110,MSI GeForce 4GB (GTX 1050 TI GAMING X 4G) Graphics Card,2022-03-21,187.5,https://www.ebay.com/itm/304396246409?hash=item46df6e1d89:g:91AAAOSwNcxh4Zca,False
86,114,"EVGA GeForce GTX 1050 TI SC Gaming (4GB, GDDR5 Graphics Card)",2022-03-21,169.88,https://www.ebay.com/itm/125202474455?epid=20003297363&hash=item1d26a625d7:g:uW4AAOSwlpdh-~9F,False
88,116,"EVGA GeForce GTX 1050 TI SC Gaming (4GB, GDDR5 Graphics Card)",2022-03-21,142.5,https://www.ebay.com/itm/384787578854?epid=20003297363&hash=item5997207fe6:g:7F0AAOSwgP9iK5TJ,False
89,117,ASUS GeForce GTX 1050 Ti 4GB GDDR5 Graphics Card (PHGTX1050TI4G). NO RESERVE!!!!,2022-03-21,134.88,https://www.ebay.com/itm/284702831805?epid=18036427347&hash=item42499c74bd:g:rFAAAOSwMMJiL6My,False
90,118,MSI GeForce 4GB (GTX 1050 TI GAMING X 4G) Graphics Card,2022-03-21,187.5,https://www.ebay.com/itm/194914721614?epid=10021692240&hash=item2d61d29f4e:g:JqIAAOSwyR9iCup6,False
92,120,DELL GEFORCE GTX 1050TI 4GB GDDR5 GRAPHICS CARD CN-0DVP9W 0DVP9W DVP9W ,2022-03-21,125.0,https://www.ebay.com/itm/165393760123?hash=item26823c7f7b:g:UMIAAOSwm-9iN9YT,False
93,121,EVGA GeForce GTX 1050 Ti SSC GAMING ACX 3.0 04G-P4-6255-KR 4GB GDDR5,2022-03-21,149.0,https://www.ebay.com/itm/265605146690?hash=item3dd74ce842:g:IykAAOSwzmViN2p2,False
95,124,"EVGA GeForce GTX 1050 TI SC Gaming (4GB, GDDR5 Graphics Card)",2022-03-20,150.0,https://www.ebay.com/itm/325111015850?epid=20003297363&hash=item4bb22069aa:g:cGgAAOSwjyNiN8~k,False
98,127,"EVGA GeForce GTX 1050 TI SC Gaming (4GB, GDDR5 Graphics Card)",2022-03-20,132.5,https://www.ebay.com/itm/203867843651?epid=20003297363&hash=item2f77786c43:g:vH0AAOSwYgZiLpej,False
99,128,PNY GeForce GTX 1050 Ti XLR8 Gaming OC 4GB GDDR5 128-Bit Video Graphics Card,2022-03-20,130.0,https://www.ebay.com/itm/115304102157?epid=14009503784&hash=item1ad8a8f90d:g:ghQAAOSwYM9iN1g4,False
100,129,EVGA GeForce GTX 1050 Ti SSC GAMING 4GB GDDR5 Graphics Card (04G-P4-6255-KB),2022-03-20,122.5,https://www.ebay.com/itm/255434721117?epid=631607182&hash=item3b7918875d:g:LJUAAOSw9zliLo-Z,False
101,130,PNY GeForce GTX 1050TI 4GB Graphics CardÂ ,2022-03-20,149.0,https://www.ebay.com/itm/165388629076?hash=item2681ee3454:g:ATMAAOSwNlNiK9mA,False
102,131,ASUS GeForce GTX 1050 Ti 4GB GDDR5 Graphics Card,2022-03-20,129.0,https://www.ebay.com/itm/175208700682?epid=18036427347&hash=item28cb409b0a:g:e8EAAOSwMcxiN7CP,False
103,132,MSI NVIDIA GeForce GTX 1050 Ti 4GB OC,2022-03-20,137.5,https://www.ebay.com/itm/304396441918?epid=12021678942&hash=item46df71193e:g:ZGoAAOSwxWtiLnVW,False
104,133,"EVGA GeForce GTX 1050 Ti SC GAMING, 04G-P4-6253-KR, 4GB GDDR5, DX12",2022-03-20,142.0,https://www.ebay.com/itm/224884855513?hash=item345c2e92d9:g:1MwAAOSwIwdiLmJD,False
105,134,PNY NVIDIA GTX 1050ti XLR8 Gaming Graphics Card,2022-03-20,150.0,https://www.ebay.com/itm/353958229028?hash=item52698df424:g:C6sAAOSwczNiLePV,False
106,135,MSI NVIDIA GeForce GTX 1050 Ti 4GB GDDR5 Graphics Card,2022-03-20,145.0,https://www.ebay.com/itm/353958723544?epid=12021678942&hash=item5269957fd8:g:i0oAAOSwt9hiLlJT,False
107,136,MSI GeForce 4GB (GTX 1050 TI GAMING X 4G) Graphics Card,2022-03-20,140.0,https://www.ebay.com/itm/334363136684?epid=10021692240&hash=item4dd99892ac:g:9W4AAOSw8WZiLk1O,False
108,137,MSI NVIDIA GeForce GTX 1050 Ti 4GB GDDR5 Graphics Card,2022-03-20,120.0,https://www.ebay.com/itm/175198882662?epid=12021678942&hash=item28caaacb66:g:Y80AAOSwX55iLjSt,False
109,138,GIGABYTE GeForce GTX 1050 TI G1 Gaming 4gb Card,2022-03-20,155.78,https://www.ebay.com/itm/363764754884?epid=9026500098&hash=item54b211a9c4:g:7IUAAOSwsWtiMMzc,False
110,139,ZOTAC GeForce GTX 1050 TI OC Edition 4gb Gddr5,2022-03-20,112.5,https://www.ebay.com/itm/403538027983?hash=item5df4bda5cf:g:DScAAOSw205iJOrt,False
111,140,GIGABYTE GeForce GTX 1050 Ti 4GB GDDR5 Graphics Card (GVN105TD54GD),2022-03-20,164.5,https://www.ebay.com/itm/134052785776?epid=5026512636&hash=item1f362b2e70:g:Y44AAOSwSDtiLiIs,False
112,141,GTX 1050 ti 4gb OC. Very clean card.Â  Works Great.Â  Priced to sell.,2022-03-20,145.0,https://www.ebay.com/itm/224896318877?hash=item345cdd7d9d:g:reUAAOSwMWpiNzQr,False
114,144,"EVGA GeForce GTX 1050 TI SC Gaming (4GB, GDDR5 Graphics Card)",2022-03-19,131.0,https://www.ebay.com/itm/125198825658?epid=20003297363&hash=item1d266e78ba:g:rs0AAOSwROxiLY0J,False
115,146,MSI GeForce 4GB (GTX 1050 TI GAMING X 4G) Graphics Card,2022-03-19,152.5,https://www.ebay.com/itm/304396245594?hash=item46df6e1a5a:g:91AAAOSwNcxh4Zca,False
116,147,PNY GeForce GTX 1050 Ti OC 4GB GDDR5 Graphics Card,2022-03-19,155.5,https://www.ebay.com/itm/373974526822?hash=item57129e6b66:g:RE4AAOSwebJiHZ1H,False
117,148,Asus GeForce GTX 1050 Ti 4GB GDDR5 Video Graphics Card DUAL-GTX1050TI-O4G,2022-03-19,187.99,https://www.ebay.com/itm/175191669269?epid=5027250635&hash=item28ca3cba15:g:TYgAAOSwGoRiJ6wE,False
118,149,MSI NVIDIA GeForce GTX 1050 Ti 4GB GDDR5X Gaming Graphics Card (V335-001R),2022-03-19,150.0,https://www.ebay.com/itm/363761419854?epid=2111811957&hash=item54b1dec64e:g:WP0AAOSw6lZhlqTV,False
119,150,Nvidia EVGA Geforce GTX 1050 Ti Used Fully Tested,2022-03-19,132.5,https://www.ebay.com/itm/194911188184?hash=item2d619cb4d8:g:Q4IAAOSwNJZiGlGN,False
120,151,GIGABYTE GeForce GTX 1050 Ti OC 4GB GDDR5 - 128 Bit PCI-E (GV-N105TOC-4GD),2022-03-19,130.5,https://www.ebay.com/itm/165387659511?epid=4021689123&hash=item2681df68f7:g:sxQAAOSwqDdhrzix,False
121,152,"EVGA GeForce GTX 1050 TI SC Gaming (4GB, GDDR5 Graphics Card)",2022-03-19,133.5,https://www.ebay.com/itm/144459202252?epid=20003297363&hash=item21a2707ecc:g:k1YAAOSwgKtiLPTx,False
122,155,Gigabyte Geforce GTX 1050 Ti OC 4GB GDDR5 128 Bit PCI-E Graphic Card (GV-N105TOC,2022-03-19,148.5,https://www.ebay.com/itm/373974174818?epid=4021689123&hash=item5712990c62:g:CygAAOSwteZiLNNW,False
123,156,MSI NVIDIA GeForce GTX 1050 Ti 4GB GDDR5 Graphics Card,2022-03-19,126.0,https://www.ebay.com/itm/255432067614?epid=12021678942&hash=item3b78f00a1e:g:LNQAAOSwY8ViGwGo,False
124,157,MSI NVIDIA GeForce GTX 1050 Ti Gaming X 4GB GPU GDDR5X (V335-028) GENTLY USED!,2022-03-18,135.5,https://www.ebay.com/itm/304399566818?epid=2111811957&hash=item46dfa0c7e2:g:j~QAAOSwO3xiKB9h,False
126,159,MSI NVIDIA GeForce GTX 1050 Ti 4GB GDDR5 Graphics Card,2022-03-18,140.0,https://www.ebay.com/itm/353956320596?epid=12021678942&hash=item526970d554:g:XKIAAOSwYyxiK~3I,False
127,161,Asus GeForce GTX 1050 Ti 4GB Phoenix Fan Edition PH-GTX1050TI-4G Graphic Card ,2022-03-18,155.5,https://www.ebay.com/itm/304396260046?epid=28031984310&hash=item46df6e52ce:g:LwsAAOSwYqZiG-Z2,False
128,163,Dell GeForce GTX 1050 Ti Single Slot 4GB GDDR5 Graphics Card,2022-03-18,132.5,https://www.ebay.com/itm/294858519301?hash=item44a6eff305:g:M88AAOSwovliK6jA,False
133,171,"EVGA GeForce GTX 1050 TI SC Gaming (4GB, GDDR5 Graphics Card)",2022-03-18,118.5,https://www.ebay.com/itm/384776232752?epid=20003297363&hash=item5996735f30:g:7F0AAOSwgP9iK5TJ,False
134,173,GIGABYTE GeForce GTX 1050 Ti 4GB GDDR5 Graphics Card (GVN105TD54GD),2022-03-18,169.0,https://www.ebay.com/itm/165386300262?epid=5026512636&hash=item2681caab66:g:YIYAAOSwFjxiMRkM,False
135,174,MSI GeForce GTX 1050 Ti 4 GT OC 4GB 128-Bit GDDR5 HDCP Ready ATX Video Card,2022-03-18,163.0,https://www.ebay.com/itm/115289428511?epid=22025879252&hash=item1ad7c9121f:g:eHMAAOSwDzZiK29p,False
137,177,DELL GEFORCE GTX 1050TI 4GB GDDR5 GRAPHICS CARD CN-0DVP9W 0DVP9W DVP9W ,2022-03-17,169.99,https://www.ebay.com/itm/224892006027?hash=item345c9bae8b:g:giwAAOSwp25iM5~o,False
138,178,msi geforce gtx 1050 ti gaming x 4g graphics card,2022-03-17,185.0,https://www.ebay.com/itm/175149183012?hash=item28c7b47024:g:PDMAAOSwxRdh3Ve-,False
141,181,MSI GeForce 4GB (GTX 1050 TI GAMING X 4G) Graphics Card,2022-03-17,179.5,https://www.ebay.com/itm/304396245063?hash=item46df6e1847:g:91AAAOSwNcxh4Zca,False
142,182,GIGABYTE GeForce GTX 1050 Ti 4GB GDDR5 Graphics Card (GVN105TD54GD),2022-03-17,160.5,https://www.ebay.com/itm/304396264514?epid=5026512636&hash=item46df6e6442:g:ZsQAAOSwVKdhdb~G,False
144,184,MSI GeForce 4GB (GTX 1050 TI GAMING X 4G) Graphics Card,2022-03-17,150.27,https://www.ebay.com/itm/363759086358?epid=10021692240&hash=item54b1bb2b16:g:JFEAAOSwiHtiKoIm,False
145,186,Open Box - Asus PH-GTX1050TI-4G GeForce GTX 1050 Ti 4GB Gaming Graphics Card,2022-03-17,152.5,https://www.ebay.com/itm/234460217086?epid=28031984310&hash=item3696eafefe:g:zsIAAOSwqodiKmmV,False
146,187,MSI NVIDIA GeForce GTX 1050 Ti 4GB GDDR5 Graphics Card,2022-03-17,169.99,https://www.ebay.com/itm/224888838294?epid=12021678942&hash=item345c6b5896:g:stIAAOSwpJtiMVip,False
147,188,Zotac GeForce 4 GB GTX1050ti Gaming two Fans Tested working Excellent,2022-03-17,199.0,https://www.ebay.com/itm/274951039502?hash=item40045bea0e:g:WDkAAOSwCeBhROj4,False
148,189,"Gigabyte GV-N105TD5-4GD 4GB GDDR5 PCIe Video Card, Clean, Tested [GTX1050 Ti]",2022-03-17,137.5,https://www.ebay.com/itm/203863141519?epid=5026512636&hash=item2f7730ac8f:g:HakAAOSwzpdiKkrv,False
149,190,EVGA SUPERCLOCKED GEFORCE GTX 1050TiÂ  4GB (04G-P4-6253-KR),2022-03-17,123.0,https://www.ebay.com/itm/194905996201?epid=20003297363&hash=item2d614d7ba9:g:fFoAAOSwZlxiKj1V,False
152,195,Msi GEFORCE GTX 1050 Ti 4GB video card,2022-03-17,175.0,https://www.ebay.com/itm/325094024058?hash=item4bb11d237a:g:kf4AAOSwauBiEXyF,False
153,196,GIGABYTE GeForce GTX 1050 Ti 4GB GDDR5 Graphics Card (GVN105TD54GD),2022-03-17,147.0,https://www.ebay.com/itm/224882774282?epid=5026512636&hash=item345c0ed10a:g:r6sAAOSwTntiLM7X,False
154,197,NVIDIA Dell GeForce GTX 1050TI 4GB GDDR5 Graphics Card,2022-03-17,123.74,https://www.ebay.com/itm/255368050355?hash=item3b751f36b3:g:B8UAAOSwmDFh--77,False
156,199,Nvidia Geforce GTX 1050 Ti 4gb gddr5,2022-03-17,150.0,https://www.ebay.com/itm/304399032454?hash=item46df98a086:g:emcAAOSwSDtiMNJa,False
157,200,PNY GeForce GTX 1050 Ti 4GB Graphic Card ,2022-03-17,125.0,https://www.ebay.com/itm/185333719361?epid=2016432983&hash=item2b26c02141:g:FfkAAOSwDg5iF9zW,False
158,202,EVGA GeForce GTX 1050 Ti FTW 4GB GDDR5 Graphics Card ACX 3.0,2022-03-16,165.0,https://www.ebay.com/itm/373969318470?hash=item57124ef246:g:kWAAAOSwJw9iKXzq,False
159,203,GIGABYTE GeForce GTX 1050 TI Windforce OC 4GB GDDR5 Graphics Card,2022-03-16,142.5,https://www.ebay.com/itm/125191438344?epid=18032167986&hash=item1d25fdc008:g:HMQAAOSwFrRiIDPX,False
160,204,Gtx 1050ti,2022-03-16,142.5,https://www.ebay.com/itm/313907749595?hash=item49165c22db:g:SrUAAOSw2KRiKVVm,False
161,205,MSI NVIDIA GeForce GTX 1050 TI 4GB GDDR5 Graphics Card,2022-03-16,170.0,https://www.ebay.com/itm/304400555629?epid=21030523268&hash=item46dfafde6d:g:tA0AAOSwLdFiMlEh,False
162,206,Asus GeForce GTX 1050 Ti 4GB Phoenix Fan Edition PH-GTX1050TI-4G Graphic Card ,2022-03-16,142.5,https://www.ebay.com/itm/304396259705?epid=28031984310&hash=item46df6e5179:g:LwsAAOSwYqZiG-Z2,False
163,207,Zotac GeForce GTX 1050 Ti Mini 4GB GDDR5 ZT-P10510A-10L PCIe Video Graphics Card,2022-03-16,175.0,https://www.ebay.com/itm/284696246120?epid=5050670310&hash=item424937f768:g:jnYAAOSwPUZiK3yA,False
164,208,asus geforce gtx 1050 ti 4gb ,2022-03-16,136.0,https://www.ebay.com/itm/325092673665?hash=item4bb1088881:g:xb8AAOSw7vhiKTB-,False
165,209,EVGA GeForce GTX 1050 Ti 4GB GDDR5 Graphics Card (04GP46255RX),2022-03-16,157.5,https://www.ebay.com/itm/393979412741?epid=760535328&hash=item5bbb00c105:g:oKUAAOSw6RhiKS-2,False
166,210,MSI NVIDIA GeForce GTX 1050 Ti 4GB GDDR5 Graphics Card,2022-03-16,162.5,https://www.ebay.com/itm/255426816546?epid=12021678942&hash=item3b789fea22:g:F~gAAOSwArliKPao,False
167,213,"EVGA GeForce GTX 1050 TI SC Gaming (4GB, GDDR5 Graphics Card)",2022-03-16,145.5,https://www.ebay.com/itm/325092257781?epid=20003297363&hash=item4bb1022ff5:g:7SsAAOSwiMhiKPBj,False
169,215,EVGA GeForce GTX 1050 Ti Superclocked 4GB GDDR5 Gaming Graphics Card,2022-03-16,147.5,https://www.ebay.com/itm/154890783467?epid=20003297363&hash=item241035caeb:g:8g8AAOSwGHJiKN7I,False
170,216,MSI Gaming GeForce GTX 1050 Ti 4GB GDDR5 ,2022-03-16,165.0,https://www.ebay.com/itm/203863740848?hash=item2f7739d1b0:g:TNcAAOSwVc9iKu1-,False
171,217,MSI NVIDIA GeForce GTX 1050 Ti 4GB GDDR5 Graphics Card,2022-03-16,150.0,https://www.ebay.com/itm/255438701759?epid=12021678942&hash=item3b795544bf:g:xBcAAOSwHtliMb4l,False
172,218,"Geforce GTX 1050 ti low profile graphics card, Brand new, Never Used, RRP$330",2022-03-16,195.01,https://www.ebay.com/itm/313905174078?hash=item491634d63e:g:f3IAAOSwZ59iJteg,False
174,220,"EVGA GeForce GTX 1050 TI SC Gaming (4GB, GDDR5 Graphics Card)",2022-03-16,150.0,https://www.ebay.com/itm/154902215718?epid=20003297363&hash=item2410e43c26:g:00IAAOSwRLxiMe6i,False
175,222,GIGABYTE GeForce GTX 1050 Ti 4GB GDDR5 Graphics Card (GVN105TD54GD),2022-03-16,177.77,https://www.ebay.com/itm/265587030251?epid=5026512636&hash=item3dd63878eb:g:kSMAAOSwX0xiKS48,False
176,223,"EVGA GeForce GTX 1050 TI SC Gaming (4GB, GDDR5 Graphics Card)",2022-03-15,150.0,https://www.ebay.com/itm/313913709840?epid=20003297363&hash=item4916b71510:g:2OsAAOSw9ahiL6Oc,False
177,224,"EVGA GeForce GTX 1050 TI SC Gaming (4GB, GDDR5 Graphics Card)",2022-03-15,152.5,https://www.ebay.com/itm/125198771070?epid=20003297363&hash=item1d266da37e:g:W-gAAOSwsjZiLX-L,False
178,225,MSI NVIDIA GeForce GTX 1050 TI Gaming X 4GB GDDR5 Graphics Card,2022-03-15,160.0,https://www.ebay.com/itm/284692976699?hash=item424906143b:g:gC8AAOSwXztiKV41,False
179,226,ASUS GeForce GTX 1050 Ti 4GB GDDR5 Graphics Card (PHGTX1050TI4G),2022-03-15,134.88,https://www.ebay.com/itm/265585680193?hash=item3dd623df41:g:f6IAAOSwAT1iKCmq,False
180,227,Msi geforce gtx 1050 ti 4 gb video card,2022-03-15,180.0,https://www.ebay.com/itm/234453362393?hash=item36968266d9:g:0jUAAOSwpvBiBens,False
181,231,"EVGA GeForce GTX 1050 TI SC Gaming (4GB, GDDR5 Graphics Card)",2022-03-15,165.5,https://www.ebay.com/itm/284690818358?epid=20003297363&hash=item4248e52536:g:aRcAAOSwx5ZiKAC~,False
184,234,nvidia gtx 1050 ti 4G D5 Graphic,2022-03-15,127.5,https://www.ebay.com/itm/384772552060?hash=item59963b357c:g:HQYAAOSwZNBiKMU4,False
186,238,GIGABYTE GeForce GTX 1050 Ti 4GB GDDR5 Graphics Card (GVN105TD54GD),2022-03-15,130.5,https://www.ebay.com/itm/265585079611?epid=5026512636&hash=item3dd61ab53b:g:es4AAOSwO0liJ5iJ,False
187,239,msi geforce gtx 1050 ti 4 gb video card,2022-03-15,138.0,https://www.ebay.com/itm/384771132890?hash=item5996258dda:g:8fQAAOSw1FtiJ5JW,False
188,240,"EVGA GeForce GTX 1050 TI SC Gaming (4GB, GDDR5 Graphics Card)",2022-03-15,185.0,https://www.ebay.com/itm/265584283250?epid=20003297363&hash=item3dd60e8e72:g:B4YAAOSwMzRiJvU8,False
189,241,"EVGA GeForce GTX 1050 TI SC Gaming (4GB, GDDR5 Graphics Card)",2022-03-15,192.0,https://www.ebay.com/itm/165372740156?epid=20003297363&hash=item2680fbc23c:g:V-kAAOSwsiNiJqET,False
193,246,MSI NVIDIA GeForce GTX 1050 TI 4GB GDDR5 Graphics Card,2022-03-15,187.5,https://www.ebay.com/itm/284690039900?epid=21030523268&hash=item4248d9445c:g:sn8AAOSwki1iHKLC,False
194,247,ASUS GeForce GTX 1050Ti 4GB,2022-03-15,140.5,https://www.ebay.com/itm/275203986821?hash=item40136f9585:g:fQ0AAOSwcB1iKfeQ,False
195,248,ASUS GeForce GTX 1050Ti 4GB,2022-03-15,137.5,https://www.ebay.com/itm/275203972279?hash=item40136f5cb7:g:lWIAAOSwxgtiKfZX,False
196,249,ASUS GeForce GTX 1050 Ti 4GB GDDR5 Graphics Card (PHGTX1050TI4G),2022-03-15,175.0,https://www.ebay.com/itm/353947991993?epid=18036427347&hash=item5268f1bfb9:g:1soAAOSwLORiJI0r,False
197,250,GIGABYTE GeForce GTX 1050 TI Windforce OC 4GB GDDR5 Graphics Card,2022-03-14,142.5,https://www.ebay.com/itm/265584165862?epid=18032167986&hash=item3dd60cc3e6:g:SN8AAOSwJGtiHZi6,False
199,252,ZOTAC Geforce GTX 1050 Ti Mini 4GB GDDR5 Gaming Graphic Card (ZT-P10510A-10L),2022-03-14,150.0,https://www.ebay.com/itm/185339592141?epid=27026504454&hash=item2b2719bdcd:g:eMYAAOSwM1liL6wB,False
200,253,EVGA 04G-P4-6255-KR GeForce GTX 1050 TI SSC Gaming 4GB GDDR5 Graphics Card,2022-03-14,155.77,https://www.ebay.com/itm/325089742105?epid=19032163836&hash=item4bb0dbcd19:g:GCQAAOSwa3hiJrTS,False
201,256,"PNY FeForce GTX 1050Ti OC 4GB GDR5 PCIE WORKING , VERY CLEAN!",2022-03-14,167.5,https://www.ebay.com/itm/334355942082?hash=item4dd92acac2:g:tcoAAOSwIiliJpMV,False
202,257,GIGABYTE GeForce GTX 1050 Ti 4GB GDDR5 Graphics Card (GVN105TD54GD),2022-03-14,152.5,https://www.ebay.com/itm/334358316307?epid=5026512636&hash=item4dd94f0513:g:7LkAAOSw6K1iKR93,False
203,258,GIGABYTE GeForce GTX 1050 Ti 4GB GDDR5 PCI-E Graphics Card (GVN105TD54GD),2022-03-14,157.5,https://www.ebay.com/itm/185329413479?epid=5026512636&hash=item2b267e6d67:g:Xi0AAOSwDe9iJmz8,False
204,259,Asus GeForce GTX 1050ti 4gb Phoenix Fan Edition Graphics Card,2022-03-14,150.0,https://www.ebay.com/itm/353958610430?hash=item526993c5fe:g:j-MAAOSw8ENiLjr6,False
205,260,ASUS GeForce GTX 1050 Ti 4GB GDDR5 Graphics Card (PHGTX1050TI4G),2022-03-14,140.5,https://www.ebay.com/itm/325089307649?epid=18036427347&hash=item4bb0d52c01:g:hssAAOSwE3hiJlyE,False
206,261,EVGA 1050ti GeForce GTX SSC GAMING 4GB GDDR5 Graphics Card (04G-P4-6255-KB),2022-03-14,179.0,https://www.ebay.com/itm/403531526085?epid=631607182&hash=item5df45a6fc5:g:XFAAAOSwILdiKoPa,False
207,263,MSI NVIDIA GeForce GTX 1050 TI 4GB GDDR5 Graphics Card,2022-03-13,200.0,https://www.ebay.com/itm/393983671423?epid=21030523268&hash=item5bbb41bc7f:g:xjsAAOSwU8NiLPQR,False
208,264,GIGABYTE GeForce GTX 1050 TI Windforce OC 4GB GDDR5 Graphics Card,2022-03-13,179.69,https://www.ebay.com/itm/324986567852?epid=18032167986&hash=item4baab57cac:g:DBQAAOSwaI9h27jF,False
209,265,NVIDIA GTX 1050 Ti 4G Graphic Card,2022-03-13,160.0,https://www.ebay.com/itm/144460072586?hash=item21a27dc68a:g:YdwAAOSwnYhiLhSP,False
210,266,NVIDIA GTX 1050 Ti 4GB GDDR5 Video Graphics Card GPU Gaming Mining ðŸ”¥,2022-03-13,142.5,https://www.ebay.com/itm/393978068084?epid=4042376927&hash=item5bbaec3c74:g:A5oAAOSwc69iHaMA,False
211,267,MSI NVIDIA GeForce GTX 1050 Ti Gaming X 4GB GPU GDDR5X (V335-028) GENTLY USED!,2022-03-13,131.5,https://www.ebay.com/itm/304389009937?epid=2111811957&hash=item46deffb211:g:j~QAAOSwO3xiKB9h,False
212,269,GIGABYTE Nvidia GTX 1050 Ti Factory OC Graphics Card,2022-03-13,180.0,https://www.ebay.com/itm/165370019169?epid=18032167986&hash=item2680d23d61:g:OBgAAOSwg9tiJKH5,False
214,271,ZOTAC Geforce GTX 1050 Ti 4GB GDDR5 Gaming Graphic Card lightly used,2022-03-13,170.0,https://www.ebay.com/itm/234462065116?epid=14026724690&hash=item36970731dc:g:SVYAAOSwW2xiK~Sl,False
215,272,GIGABYTE GeForce GTX 1050 Ti 4GB GDDR5 Graphics Card (GVN105TD54GD),2022-03-13,165.0,https://www.ebay.com/itm/255429243926?epid=5026512636&hash=item3b78c4f416:g:xNUAAOSw2XRiKoq5,False
216,273,White GIGABYTE GeForce GTX 1050 TI Windforce OC 4GB GDDR5 Graphics Card,2022-03-13,135.5,https://www.ebay.com/itm/224872513528?epid=18032167986&hash=item345b723ff8:g:GHgAAOSwp9ZiJTTj,False
217,275,GIGABYTE GeForce GTX 1050 Ti 4GB GDDR5 Graphics Card (GVN105TD54GD),2022-03-13,150.0,https://www.ebay.com/itm/334360686154?epid=5026512636&hash=item4dd9732e4a:g:kywAAOSwLSliK6qg,False
218,276,NVIDIA GeForce GTX 1050 Ti 4GB VRAM Graphics Card,2022-03-13,150.0,https://www.ebay.com/itm/294849494210?epid=17020823565&hash=item44a6663cc2:g:5ZkAAOSw60th0iuQ,False
219,278,ASUS Phoenix GeForce GTX 1050 Ti 4GB GDDR5 Graphics Card - Gaming or Mining Card,2022-03-13,199.0,https://www.ebay.com/itm/373963609316?epid=19003115284&hash=item5711f7d4e4:g:JIoAAOSwgEViG76Q,False
220,279,PNY GeForce GTX 1050 TI XLR8 OC 4GB Gaming Graphics Card VCGGTX1050T4XGPB-OC-BB,2022-03-13,179.95,https://www.ebay.com/itm/265592010221?epid=777601009&hash=item3dd68475ed:g:2TsAAOSwh5BiLNEO,False
221,280,MSI GTX1050Ti4GTLP NVIDIA GeForce GTX 1050Ti 4GB GDDR5 Graphics Card,2022-03-13,130.5,https://www.ebay.com/itm/403521826204?epid=20032166712&hash=item5df3c66d9c:g:4OIAAOSwOPZiFDKW,False
222,281,EVGA Nvidia GeForce GTX 1050 Ti SC (Single Fan) Gaming 4GB Graphics Card,2022-03-13,143.84,https://www.ebay.com/itm/115291930476?hash=item1ad7ef3f6c:g:yBcAAOSwnwJiLSYL,False
223,283,"EVGA GeForce GTX 1050 TI SC Gaming (4GB, GDDR5 Graphics Card)",2022-03-12,130.0,https://www.ebay.com/itm/304395289308?epid=20003297363&hash=item46df5f82dc:g:E8AAAOSwafpiLXlT,False
224,285,MSI GeForce GTX 1050 Ti 4GB PCI Express 3.0 Graphics Card,2022-03-12,205.0,https://www.ebay.com/itm/265592464609?epid=2305807244&hash=item3dd68b64e1:g:HskAAOSw3bRiK4QK,False
225,287,MSI GeForce GTX 1050 Ti 4GB GDDR5 Graphics Card (GTX1050TI4GTOC),2022-03-12,133.5,https://www.ebay.com/itm/393973769755?epid=22025879252&hash=item5bbaaaa61b:g:-pYAAOSwvf5iJArh,False
226,288,MSI GeForce 4GB (GTX 1050 TI GAMING X 4G) Graphics Card,2022-03-12,140.0,https://www.ebay.com/itm/144447473729?epid=10021692240&hash=item21a1bd8841:g:lz4AAOSw~1RiJAcQ,False
227,289,EVGA GeForce GTX 1050 Ti  4GB GDDR5 Graphics Card (04G-P4-6255-RX),2022-03-12,142.5,https://www.ebay.com/itm/175187964653?epid=760535328&hash=item28ca0432ed:g:jg4AAOSwqwdiI~RK,False
229,291,MSI NVIDIA GeForce GTX 1050 TI 4GB GDDR5 Graphics Card,2022-03-12,162.5,https://www.ebay.com/itm/393973452196?epid=21030523268&hash=item5bbaa5cda4:g:j50AAOSw9XxiI8jb,False
230,292,EVGA NVIDIA GeForce GTX 1050 Ti 4GB GDDR5 GPU (04G-P4-6251-KR) - Card Only,2022-03-12,190.0,https://www.ebay.com/itm/144446848442?hash=item21a1b3fdba:g:Ro8AAOSwFxJiI4wi,False
231,294,MSI NVIDIA GeForce GTX 1050 TI 4GB GDDR5 Graphics Card,2022-03-12,160.0,https://www.ebay.com/itm/384766773083?epid=21030523268&hash=item5995e3075b:g:eZsAAOSwTDNiI410,False
232,296,ASUS GeForce GTX 1050 Ti 4GB GDDR5 Graphics Card (PHGTX1050TI4G),2022-03-11,196.5,https://www.ebay.com/itm/313900853539?epid=18036427347&hash=item4915f2e923:g:EtUAAOSwZ29iInQw,False
234,299,MSI Gaming GeForce GTX 1050 Ti 4GB GDDR5,2022-03-11,175.0,https://www.ebay.com/itm/393973922276?hash=item5bbaacf9e4:g:iJgAAOSwdY5iJEol,False
236,303,ASUS Phoenix NVIDIA GeForce GTX 1050 Ti 4GB GDDR5 Graphics Card,2022-03-11,145.5,https://www.ebay.com/itm/313900620524?epid=28031984310&hash=item4915ef5aec:g:fG4AAOSwsvVh5xoV,False
237,305,EVGA GTX 1050 Ti ACX 3.0 FTW 4GB (04G-P4-6258-KR) NVIDIA Video Card,2022-03-11,199.0,https://www.ebay.com/itm/265578928325?hash=item3dd5bcd8c5:g:FZQAAOSwDZph0Jyc,False
238,306,NVIDIA GTX 1050 Ti 4GB GDDR5 Video Graphics Card GPU Gaming Mining ðŸ”¥,2022-03-11,160.0,https://www.ebay.com/itm/194900772276?epid=4042376927&hash=item2d60fdc5b4:g:WJ0AAOSw7qViJ~MG,False
239,307,NVIDIA ASUS STRIX GTX 1050ti 4GB,2022-03-11,152.68,https://www.ebay.com/itm/275197104099?hash=item4013068fe3:g:hdcAAOSwh5RiJI6b,False
240,308,Open Box - Gigabyte Geforce GTX 1050 Ti 4GB GDDR5 128 Bit PCI-E Graphic Card,2022-03-11,179.99,https://www.ebay.com/itm/363758892767?epid=5026512636&hash=item54b1b836df:g:k-MAAOSwgg5iJCo8,False
241,309,EVGA GeForce GTX 1050 Ti FTW GAMING 4GB GDDR5 Graphics Card (04G-P4-6258-KR),2022-03-10,197.0,https://www.ebay.com/itm/334355759163?epid=16028670613&hash=item4dd928003b:g:G5oAAOSwYjRiJM7g,False
242,310,ZOTAC Geforce GTX 1050 Ti Mini 4GB GDDR5 Gaming Graphic Card,2022-03-10,150.0,https://www.ebay.com/itm/255429552423?epid=14026724690&hash=item3b78c9a927:g:68AAAOSwXx5iKtar,False
243,311,GIGABYTE GeForce GTX 1050 Ti 4GB GDDR5 Graphics Card (GVN105TD54GD),2022-03-10,175.0,https://www.ebay.com/itm/144452540425?epid=5026512636&hash=item21a20ad809:g:tIAAAOSwywdiJXzd,False
244,312,MSI GeForce 4GB (GTX 1050 TI GAMING X 4G) Graphics Card,2022-03-10,177.5,https://www.ebay.com/itm/384764503174?epid=10021692240&hash=item5995c06486:g:2osAAOSwR3hiIX6g,False
245,314,MSI GeForce 4GB (GTX 1050 TI GAMING X 4G) Graphics Card,2022-03-10,202.5,https://www.ebay.com/itm/304385739735?hash=item46decdcbd7:g:91AAAOSwNcxh4Zca,False
247,316,MSI GeForce GTX 1050 Ti 4GT OC VIdeo Graphics Card 4GB GDDR5,2022-03-10,169.99,https://www.ebay.com/itm/175194379583?hash=item28ca66153f:g:qqsAAOSwsl5iKh-T,False
248,317,ASUS GeForce GTX 1050Ti 4GB Graphics Card ,2022-03-10,158.5,https://www.ebay.com/itm/325082937325?hash=item4bb073f7ed:g:mqYAAOSwpYNiIVWG,False
249,318,GIGABYTE GeForce GTX 1050 Ti 4GB GDDR5 Graphics Card,2022-03-10,160.0,https://www.ebay.com/itm/294856884502?epid=4021689123&hash=item44a6d70116:g:NpIAAOSwf8FiKnxr,False
252,321,"EVGA GeForce GTX 1050 TI SC Gaming (4GB, GDDR5 Graphics Card)",2022-03-10,130.0,https://www.ebay.com/itm/185319278980?epid=20003297363&hash=item2b25e3c984:g:rV0AAOSw-HRiHTNh,False
253,322,PNY/NVIDIA XLR8 GTX 1050 Ti Gaming OC 4GB GDDR5 128-Bit Video Graphics Card,2022-03-10,127.5,https://www.ebay.com/itm/185323736047?epid=14009503784&hash=item2b2627cbef:g:G5IAAOSwrl9iIRrK,False
254,323,GIGABYTE GeForce GTX 1050 TI Windforce OC 4GB GDDR5 Graphics Card GPU,2022-03-10,200.0,https://www.ebay.com/itm/294844074558?epid=18032167986&hash=item44a6138a3e:g:~-gAAOSwgA5hxQVo,False
255,324,MSI GeForce GTX 1050 Ti 4GT OC *FREE SHIPPING*,2022-03-10,174.99,https://www.ebay.com/itm/234459657860?epid=22025879252&hash=item3696e27684:g:yqYAAOSwR4diI8MM,False
256,325,NVIDIA  GTX1050TI 750 550TI 4GB 6GB Computer Graphic Card PCI-Express 2.0 Gaming,2022-03-10,145.47,https://www.ebay.com/itm/384711705672?hash=item59929ac448:g:N~4AAOSwL3xh-g1B,False
257,326,GIGABYTE GeForce GTX 1050 TI OC 4GB GDDR5 Graphics Card,2022-03-10,180.0,https://www.ebay.com/itm/353953484240?epid=18032167986&hash=item5269458dd0:g:OtAAAOSw3HhiKSBL,False
258,327,GIGABYTE GeForce GTX 1050 TI Windforce OC 4GB GDDR5 Graphics Card,2022-03-09,147.5,https://www.ebay.com/itm/154879549555?epid=18032167986&hash=item240f8a6073:g:rZcAAOSwmfJiIEcY,False
259,328,Gtx 1050 TI 4GB Expedition Graphics Card,2022-03-09,135.0,https://www.ebay.com/itm/265576293115?hash=item3dd594a2fb:g:06cAAOSwQ6BiIDin,False
260,329,GIGABYTE GeForce GTX 1050 Ti 4GB GDDR5 Graphics Card (GVN105TD54GD),2022-03-09,119.5,https://www.ebay.com/itm/194886224581?epid=5026512636&hash=item2d601fcac5:g:0KkAAOSwKWdiIDI-,False
261,330,MSI NVIDIA GeForce GTX 1050 TI GAMING X 4GB GDDR5 Graphics Card,2022-03-09,150.0,https://www.ebay.com/itm/194903511037?epid=21030523268&hash=item2d61278ffd:g:oAYAAOSwgDViKW04,False
262,331,MSI GeForce 4GB (GTX 1050 TI GAMING X 4G) Graphics Card,2022-03-09,140.0,https://www.ebay.com/itm/353952101630?epid=10021692240&hash=item52693074fe:g:J3sAAOSwqR5iKALq,False
263,332,"Lenovo OEM MSI GeForce GTX 1050 TI SC Gaming (4GB, GDDR5 Graphics Card)",2022-03-09,137.5,https://www.ebay.com/itm/275191881839?hash=item4012b6e06f:g:tAcAAOSwIRhiICj~,False
264,333,GIGABYTE GeForce GTX 1050 TI Windforce OC 4GB GDDR5 Graphics Card,2022-03-09,140.0,https://www.ebay.com/itm/363749634409?epid=18032167986&hash=item54b12af169:g:Fz8AAOSwQ9ViIB1f,False
267,336,ASUS Phoenix NVIDIA GeForce GTX 1050 Ti 4GB GDDR5,2022-03-09,180.0,https://www.ebay.com/itm/165367957131?epid=28031984310&hash=item2680b2c68b:g:X1EAAOSw8SViFQf0,False
268,337,MSI Gaming GeForce GTX 1050 Ti 4GB GDDR5 PCI Express 3.0 x16 ATX Video Card GTX,2022-03-09,205.0,https://www.ebay.com/itm/334340512021?epid=10021692240&hash=item4dd83f5915:g:6SkAAOSwMIBiGQla,False
269,339,MSI GeForce 4GB (GTX 1050 TI GAMING X 4G) Graphics Card,2022-03-09,140.0,https://www.ebay.com/itm/255426457910?epid=10021692240&hash=item3b789a7136:g:7JgAAOSwo6liKPM7,False
271,341,Dell Nvidia GeForce GTX 1050 Ti 4GB GDDR5 Video Gaming Graphics Card,2022-03-09,175.5,https://www.ebay.com/itm/334357415897?hash=item4dd94147d9:g:8QkAAOSw9jRiKDq~,False
272,342,MSI Nvidia GeForce GTX 1050 Ti 4GT OC Edition 4GB GDDR5 V809-2277R - KTT1320,2022-03-09,177.5,https://www.ebay.com/itm/334352260890?epid=585392849&hash=item4dd8f29f1a:g:ssEAAOSwC-hiInUX,False
273,343,MSI NVIDIA GeForce GTX 1050 TI 4GB GDDR5 Graphics Card,2022-03-09,138.25,https://www.ebay.com/itm/175186444043?epid=21030523268&hash=item28c9ecff0b:g:B~UAAOSwAdNiImE2,False
274,344,MSI GeForce GTX 1050 Ti 4GB GDDR5 Graphics Card (GTX1050TI4GTOC),2022-03-09,152.5,https://www.ebay.com/itm/165364044921?epid=22025879252&hash=item2680771479:g:e3oAAOSwQHhiH7bg,False
276,346,PNY GeForce GTX 1050 Ti 4GB Gaming Graphics Card - Black (VCGGTX1050T4PB),2022-03-09,184.99,https://www.ebay.com/itm/334354942679?epid=2016432983&hash=item4dd91b8ad7:g:H1UAAOSwnCRiJagO,False
277,347,GIGABYTE GeForce GTX 1050 TI Windforce OC 4GB GDDR5 Graphics Card,2022-03-08,127.48,https://www.ebay.com/itm/154877827455?epid=18032167986&hash=item240f70197f:g:1X8AAOSwc19iHu1L,False
278,348,EVGA GeForce GTX 1050 Ti FTW GAMING 4GB GDDR5 Graphics Card (04G-P4-6258-KR),2022-03-08,199.99,https://www.ebay.com/itm/175188927849?hash=item28ca12e569:g:-pUAAOSwQ7liJQ2X,False
279,349,USED Gigabyte Geforce GTX 1050 Ti 4GB GDDR5 128 Bit PCI-E Graphic Card,2022-03-08,187.5,https://www.ebay.com/itm/304379270472?epid=5026512636&hash=item46de6b1548:g:Jw4AAOSw5rZh0b3G,False
280,350,GIGABYTE GeForce GTX 1050 Ti 4GB GDDR5 Graphics Card (GVN105TD54GD),2022-03-08,140.0,https://www.ebay.com/itm/125177047725?epid=5026512636&hash=item1d25222aad:g:uwoAAOSw9bJiFaCm,False
281,351,"EVGA GeForce GTX 1050 TI SC Gaming (4GB, GDDR5 Graphics Card)",2022-03-08,152.5,https://www.ebay.com/itm/304379083153?epid=20003297363&hash=item46de683991:g:kUsAAOSwVRhiHqaZ,False
282,352,MSI GeForce GTX 1050 Ti 4GB GDDR5 Graphics Card (GTX1050TI4GTOC),2022-03-08,156.49,https://www.ebay.com/itm/175182259708?epid=22025879252&hash=item28c9ad25fc:g:lAkAAOSwSzxiGUFa,False
284,354,MSI GeForce 4GB (GTX 1050 TI GAMING X 4G) Graphics Card,2022-03-08,185.5,https://www.ebay.com/itm/194882385791?epid=10021692240&hash=item2d5fe5377f:g:JqIAAOSwyR9iCup6,False
285,356,GIGABYTE GeForce GTX 1050 Ti 4GB GDDR5 Graphics Card (GVN105TD54GD),2022-03-07,150.0,https://www.ebay.com/itm/224874369396?epid=5026512636&hash=item345b8e9174:g:SocAAOSw8uNiJpL-,False
286,358,GIGABYTE GeForce GTX 1050 Ti 4GB GDDR5 Graphics Card (GVN105TD54GD),2022-03-07,150.0,https://www.ebay.com/itm/224874367921?epid=5026512636&hash=item345b8e8bb1:g:hJ0AAOSwW6piJpJj,False
287,359,ASUS GeForce GTX 1050 Ti 4GB GDDR5 Graphics Card (PHGTX1050TI4G),2022-03-07,135.5,https://www.ebay.com/itm/304377754305?epid=18036427347&hash=item46de53f2c1:g:95QAAOSwYcliHUs2,False
288,361,Open Box - Gigabyte Geforce GTX 1050 Ti 4GB GDDR5 128 Bit PCI-E Graphic Card,2022-03-07,179.99,https://www.ebay.com/itm/363753357514?epid=5026512636&hash=item54b163c0ca:g:k-MAAOSwgg5iJCo8,False
289,362,MSI GeForce GTX 1050 Ti 4GB GDDR5 Graphics Card (GTX1050TI4GTOC),2022-03-07,152.5,https://www.ebay.com/itm/175180805290?epid=22025879252&hash=item28c996f4aa:g:g5sAAOSwVAhiHXe7,False
290,364,ASUS NVIDIA GeForce GTX 1050 TI STRIX OC Gaming 4gb Gddr5 *FULLY TESTED*,2022-03-07,152.5,https://www.ebay.com/itm/125175004845?epid=5026729071&hash=item1d2502fead:g:lCMAAOSwpzJiHKs8,False
292,366,gtx 1050 ti low profile,2022-03-07,142.5,https://www.ebay.com/itm/384765560854?hash=item5995d08816:g:meoAAOSwj8diInB-,False
293,367,"EVGA GeForce GTX 1050 TI SC Gaming (4GB, GDDR5 Graphics Card)",2022-03-07,185.0,https://www.ebay.com/itm/294850623105?epid=20003297363&hash=item44a6777681:g:0dAAAOSw3DtiHT-T,False
294,369,"EVGA GeForce GTX 1050 TI SC Gaming (4GB, GDDR5 Graphics Card)",2022-03-07,164.5,https://www.ebay.com/itm/144431829257?epid=20003297363&hash=item21a0ced109:g:nL4AAOSwntBiGHCj,False
296,372,GIGABYTE GeForce GTX 1050Ti 4 GB Graphics Card,2022-03-07,170.5,https://www.ebay.com/itm/284674466857?epid=4021689123&hash=item4247eba429:g:z~gAAOSw2JhiHOmq,False
297,374,MSI NVIDIA GeForce GTX 1050 TI 4GB GDDR5 Graphics Card w/ ORIGINAL BOX!,2022-03-07,199.99,https://www.ebay.com/itm/165371002120?epid=21030523268&hash=item2680e13d08:g:pMoAAOSw~IBiJUFC,False
298,375,"EVGA GeForce GTX 1050 Ti 4GB ""SuperClocked"" Video Graphics Card 04G-P4-6253-KR",2022-03-07,193.99,https://www.ebay.com/itm/294849676628?epid=20003297363&hash=item44a6690554:g:zHAAAOSwfUBiJUUk,False
299,376,MSI NVIDIA GeForce GTX 1050 TI 4GB GDDR5 Graphics Card,2022-03-07,168.51,https://www.ebay.com/itm/284674077647?hash=item4247e5b3cf:g:sn8AAOSwki1iHKLC,False
301,378,MSI GEFORCE GTX 1050 TI GAMING X 4G 4GB GRAPHICS CARD- Used,2022-03-07,140.0,https://www.ebay.com/itm/403520348497?hash=item5df3afe151:g:rSQAAOSw0xhiBYZy,False
303,381,"EVGA GeForce GTX 1050 TI SC Gaming (4GB, GDDR5 Graphics Card) - C10",2022-03-06,130.1,https://www.ebay.com/itm/165363251880?epid=20003297363&hash=item26806afaa8:g:IBQAAOSwT-BiHxhQ,False
311,389,ZOTAC Geforce GTX 1050 Ti Mini 4GB GDDR5 Gaming Graphic Card - C02,2022-03-06,143.5,https://www.ebay.com/itm/165363244900?epid=14026724690&hash=item26806adf64:g:9fgAAOSw0GNiHxca,False
312,390,PNY GeForce GTX 1050 Ti 4GB Graphic Card - Black C-01,2022-03-06,137.5,https://www.ebay.com/itm/165363244000?epid=2016432983&hash=item26806adbe0:g:PjcAAOSwikViHxbN,False
314,392,MSI GeForce GTX 1050 Ti 4GT LP Graphics Card hdmi display port nvidia 4gb ,2022-03-06,150.0,https://www.ebay.com/itm/334354575912?hash=item4dd915f228:g:8sIAAOSw0WhiJR7Z,False
316,394,"EVGA GeForce GTX 1050 TI SC Gaming (4GB, GDDR5 Graphics Card)",2022-03-06,132.5,https://www.ebay.com/itm/313894287372?epid=20003297363&hash=item49158eb80c:g:xtkAAOSwUC1iDCN6,False
317,395,GIGABYTE GeForce GTX 1050 TI Windforce OC 4GB GDDR5 Graphics Card,2022-03-06,143.5,https://www.ebay.com/itm/144436247504?epid=18032167986&hash=item21a1123bd0:g:O9UAAOSwanViHDNo,False
319,397,MSI GeForce GTX 1050 Ti 4 GT OC 4GB 128-Bit GDDR5 HDCP Ready ATX Video Card,2022-03-06,177.5,https://www.ebay.com/itm/304376165428?epid=22025879252&hash=item46de3bb434:g:bH8AAOSwGWliG-T~,False
320,398,GIGABYTE GeForce GTX 1050 Ti 4GB GDDR5 Graphics Card (GVN105TD54GD),2022-03-06,189.5,https://www.ebay.com/itm/393970756822?epid=5026512636&hash=item5bba7cacd6:g:wAsAAOSwWc1iIWo-,False
321,400,EVGA GeForce GTX 1050 Ti FTW GAMING 4GB GDDR5 Graphics Card 04G-P4-6258-KR,2022-03-06,184.99,https://www.ebay.com/itm/334349440890?hash=item4dd8c7977a:g:5nUAAOSwv5JiH645,False
322,402,"MSI GeForce GTX 1050 Ti 4GB GDDR5 Graphics Card (GTX1050TI4GTOC) - Used, Working",2022-03-06,181.5,https://www.ebay.com/itm/154873346879?hash=item240f2bbb3f:g:KKQAAOSwDidiHAJ5,False
323,405,MSI GeForce 4GB (GTX 1050 TI GAMING X 4G) Graphics Card,2022-03-06,144.5,https://www.ebay.com/itm/175178654491?epid=10021692240&hash=item28c976231b:g:LVsAAOSweNVh~opM,False
324,406,PNY GeForce GTX 1050 TI XLR8 OC 4GB Gaming Graphics Card VCGGTX1050T4XGPB-OC-BB,2022-03-06,125.0,https://www.ebay.com/itm/393973030905?hash=item5bba9f5ff9:g:OTwAAOSwdf5iIJZj,False
326,408,ASUS GeForce GTX 1050 Ti 4GB Phoenix Fan Edition DVI-D HDMI DP 1.4 Graphics Card,2022-03-05,150.0,https://www.ebay.com/itm/325073470164?hash=item4bafe382d4:g:S9wAAOSwFvNiEYjq,False
327,409,"EVGA Geforce GTX 1050 Ti gaming 4gb graphics card, w/Original Box, book,CD,etc",2022-03-05,189.99,https://www.ebay.com/itm/294844489217?hash=item44a619de01:g:urAAAOSwL69iI6KJ,False
328,410,MSI GeForce GTX 1050 Ti 4GB GDDR5 Graphics Card,2022-03-05,169.99,https://www.ebay.com/itm/144447227840?epid=22025879252&hash=item21a1b9c7c0:g:MqQAAOSw8zViI8OK,False
329,411,Msi GEFORCE GTX 1050 Ti 4GB video card,2022-03-05,175.0,https://www.ebay.com/itm/325073417955?hash=item4bafe2b6e3:g:kf4AAOSwauBiEXyF,False
330,412,EVGA 04G-P4-6255-KR GeForce GTX 1050 TI SSC Gaming 4GB GDDR5 Graphics Card,2022-03-05,138.5,https://www.ebay.com/itm/203845400636?epid=19032163836&hash=item2f7621f83c:g:97kAAOSw0GNiGqZ3,False
331,413,MSI NVIDIA GeForce GTX 1050 Ti 4GB GDDR5 Graphics Card,2022-03-05,175.0,https://www.ebay.com/itm/403493384388?epid=12021678942&hash=item5df21470c4:g:DGIAAOSw4E5iFXQj,False
332,414,ASUS GeForce GTX 1050 Ti 4GB GDDR5 Graphics Card (PHGTX1050TI4G),2022-03-05,147.5,https://www.ebay.com/itm/115269789595?epid=18036427347&hash=item1ad69d679b:g:5zMAAOSww~ZiGpJ2,False
333,415,"EVGA GeForce GTX 1050 TI SC Gaming (4GB, GDDR5 Graphics Card)",2022-03-05,150.0,https://www.ebay.com/itm/185315895186?epid=20003297363&hash=item2b25b02792:g:lv0AAOSwJ2dh4yHU,False
334,416,Gigabyte GeForce GTX 1050Ti 4GB GDDR5 GV-N105TD5-4GD PCI-E DP HDMI DVI-I,2022-03-05,179.0,https://www.ebay.com/itm/363705156657?epid=5026512636&hash=item54ae844431:g:IvoAAOSwq05h8dK5,False
335,417,GIGABYTE GeForce GTX 1050 Ti 4GB GDDR5 Graphics Card (GVN105TD54GD),2022-03-05,181.0,https://www.ebay.com/itm/334346767843?epid=5026512636&hash=item4dd89ecde3:g:KqcAAOSwVYRiHP5-,False
336,418,Nvidia EVGA Geforce GTX 1050 Ti Used Fully Tested,2022-03-05,189.5,https://www.ebay.com/itm/194875486229?hash=item2d5f7bf015:g:Q4IAAOSwNJZiGlGN,False
337,419,GIGABYTE GeForce GTX 1050 Ti WINDFORCE OC 4G  - GV-N105TWF2OC-4GD,2022-03-05,135.0,https://www.ebay.com/itm/275187852284?hash=item40127963fc:g:WBgAAOSwI6ViFks4,False
338,420,EVGA 04G-P4-6255-KR GeForce GTX 1050 TI SSC Gaming 4GB GDDR5 Graphics Card,2022-03-05,150.0,https://www.ebay.com/itm/393960941884?epid=19032163836&hash=item5bb9e6e93c:g:EHYAAOSwEpViCYXq,False
339,422,"EVGA GeForce GTX 1050 TI SC Gaming (4GB, GDDR5 Graphics Card)",2022-03-04,180.0,https://www.ebay.com/itm/304378950480?epid=20003297363&hash=item46de663350:g:7~wAAOSw7I9iIASf,False
340,423,MSI GeForce GTX 1050 Ti 4 GT OC 4GB 128-Bit GDDR5 HDCP Ready ATX Video Card,2022-03-04,172.5,https://www.ebay.com/itm/304376165302?epid=22025879252&hash=item46de3bb3b6:g:bH8AAOSwGWliG-T~,False
343,428,asus geforce gtx 1050 ti 4gb,2022-03-04,152.5,https://www.ebay.com/itm/363745721470?hash=item54b0ef3c7e:g:r0EAAOSwbnRiG~t8,False
346,432,MSI GeForce GTX 1050 Ti 4GB GDDR5 Graphics Card (GTX1050TI4GTOC),2022-03-04,185.0,https://www.ebay.com/itm/175185250125?epid=22025879252&hash=item28c9dac74d:g:r2cAAOSwiMhiIT1c,False
348,434,ZOTAC Geforce GTX 1050 Ti Mini 4GB GDDR5 Gaming Graphic Card (ZT-P10510A-10L),2022-03-04,155.0,https://www.ebay.com/itm/304373354782?epid=14026724690&hash=item46de10d11e:g:UnQAAOSwCDdiDZ~M,False
349,435,"EVGA GeForce GTX 1050 TI SC Gaming (4GB, GDDR5 Graphics Card) P/N 04GP46253KR",2022-03-04,175.0,https://www.ebay.com/itm/275194076059?epid=20003297363&hash=item4012d85b9b:g:yKgAAOSwfmhiIg-1,False
351,437,MSI GeForce GTX 1050 Ti 4 GT OC 4GB 128-Bit GDDR5 HDCP Ready ATX Video Card,2022-03-04,163.61,https://www.ebay.com/itm/304373209136?epid=22025879252&hash=item46de0e9830:g:PbAAAOSwAeZiGDys,False
352,438,MSI GeForce 4GB (GTX 1050 TI GAMING X 4G) Graphics Card,2022-03-04,160.5,https://www.ebay.com/itm/313891032544?epid=10021692240&hash=item49155d0de0:g:OYMAAOSwVsViGPA7,False
353,439,MSI GeForce GTX 1050 Ti 4GB GDDR5 Graphics Card (GTX1050TI4GTOC),2022-03-04,157.46,https://www.ebay.com/itm/185313835451?epid=22025879252&hash=item2b2590b9bb:g:tHUAAOSwHihiCp8g,False
354,440,ZOTAC Geforce GTX 1050 Ti 4GB GDDR5 Gaming Graphic Card (ZT-P10510A-10L),2022-03-04,180.0,https://www.ebay.com/itm/165330971617?epid=14026724690&hash=item267e7e6be1:g:FrAAAOSwcntiBtbC,False
355,442,MSI NVIDIA GeForce GTX 1050 TI 4GB GDDR5 Graphics Card,2022-03-03,157.5,https://www.ebay.com/itm/224855248499?epid=21030523268&hash=item345a6ace73:g:MGoAAOSwv3NiDEGT,False
356,443,MSI NVIDIA GeForce GTX 1050 Ti 4GB GDDR5 Graphics Card,2022-03-03,172.5,https://www.ebay.com/itm/313890372688?epid=12021678942&hash=item491552fc50:g:9WcAAOSw0BpiGEjT,False
358,445,GIGABYTE GeForce GTX 1050 Ti 4GB GDDR5 Graphics Card please read description,2022-03-03,137.5,https://www.ebay.com/itm/304372334517?epid=5026512636&hash=item46de013fb5:g:c54AAOSwep1iGEbZ,False
360,447,"EVGA GeForce GTX 1050 TI SC Gaming (4GB, GDDR5 Graphics Card)",2022-03-03,125.0,https://www.ebay.com/itm/393969031384?epid=20003297363&hash=item5bba6258d8:g:0ioAAOSw~vpiIAJB,False
361,449,EVGA GeForce GTX 1050 Ti Gaming 4GB Graphics Card,2022-03-03,157.0,https://www.ebay.com/itm/275182516991?hash=item401227faff:g:l0oAAOSwvuZiGCmK,False
362,451,ZOTAC Geforce GTX 1050 Ti Mini 4GB GDDR5 Gaming Graphic Card (ZT-P10510A-10L),2022-03-03,174.99,https://www.ebay.com/itm/234444309789?epid=14026724690&hash=item3695f8451d:g:dqQAAOSwRath8dzL,False
363,452,"EVGA GeForce GTX 1050 TI SC Gaming (4GB, GDDR5 Graphics Card)",2022-03-03,188.89,https://www.ebay.com/itm/294838772217?epid=20003297363&hash=item44a5c2a1f9:g:0dAAAOSw3DtiHT-T,False
364,453,ASUS Phoenix GeForce GTX 1050 Ti 4GB GDDR5 Graphics Card,2022-03-03,150.0,https://www.ebay.com/itm/393965505147?epid=19003115284&hash=item5bba2c8a7b:g:ni8AAOSwSiRiHS3E,False
365,454,PNY GeForce GTX 1050 Ti 4GB Graphic Card ,2022-03-03,152.5,https://www.ebay.com/itm/185312461832?epid=2016432983&hash=item2b257bc408:g:FfkAAOSwDg5iF9zW,False
367,456,"EVGA GeForce GTX 1050 Ti GAMING, 04G-P4-6251-KR Video Card",2022-03-03,150.0,https://www.ebay.com/itm/125180405971?hash=item1d255568d3:g:8oUAAOSwNLhiHniu,False
368,457,*Never Used* *Open Box* *Mint Condition* MSI GeForce GTX 1050 Ti 4GB GDDR5,2022-03-03,152.5,https://www.ebay.com/itm/373948343743?hash=item57110ee5bf:g:9IkAAOSwuABiF8-z,False
369,458,GIGABYTE GeForce GTX 1050 TI Windforce OC 4GB GDDR5 Graphics Card,2022-03-03,175.0,https://www.ebay.com/itm/275186895677?epid=18032167986&hash=item40126acb3d:g:PZUAAOSwNv5iHA66,False
371,462,GIGABYTE GeForce GTX 1050 Ti 4GB GDDR5 Graphics Card (GVN105TD54GD),2022-03-03,182.5,https://www.ebay.com/itm/393965212438?epid=5026512636&hash=item5bba281316:g:~RcAAOSw6nZiHOnH,False
373,465,"EVGA GeForce GTX 1050 TI SC Gaming (4GB, GDDR5 Graphics Card)",2022-03-02,142.5,https://www.ebay.com/itm/234437205048?epid=20003297363&hash=item36958bdc38:g:nPUAAOSwNTdiFwq0,False
376,469,MSI GeForce GTX 1050 Ti 4 GT OC 4GB 128-Bit GDDR5 HDCP Ready ATX Video Card,2022-03-02,196.5,https://www.ebay.com/itm/304376164609?epid=22025879252&hash=item46de3bb101:g:bH8AAOSwGWliG-T~,False
377,471,GIGABYTE GeForce GTX 1050 Ti 4GB DDR5 Graphics Card,2022-03-02,139.99,https://www.ebay.com/itm/304380553555?epid=5026512636&hash=item46de7ea953:g:L5gAAOSw7vhiH~4n,False
378,473,ASUS GeForce GTX 1050 TI 4GB GDDR5 Graphic DUAL-GTX1050TI-O4G,2022-03-02,199.0,https://www.ebay.com/itm/284649413848?hash=item42466d5cd8:g:8pYAAOSwTChiBqUY,False
380,477,PNY GeForce GTX 1050 TI XLR8 OC 4GB Gaming Graphics Card VCGGTX1050T4XGPB-OC,2022-03-02,132.0,https://www.ebay.com/itm/185310926202?epid=14009503784&hash=item2b2564557a:g:5r4AAOSw9KNiFp1j,False
381,478,"EVGA GeForce GTX 1050 TI SC Gaming (4GB, GDDR5 Graphics Card)",2022-03-02,174.99,https://www.ebay.com/itm/384752629337?epid=20003297363&hash=item59950b3659:g:RqoAAOSwjmtiGCHX,False
383,480,Nvidia MSI GeForce GTX 1050 Ti 4GB OC Graphics Card,2022-03-02,162.5,https://www.ebay.com/itm/334343647774?epid=22025879252&hash=item4dd86f321e:g:1DgAAOSwlNFiGSlg,False
384,481,ZOTAC GeForce GTX 1050 TI OC Edition 4gb Gddr5,2022-03-02,152.5,https://www.ebay.com/itm/175172954129?hash=item28c91f2811:g:B70AAOSwh0BiBKlM,False
385,483,ASUS Cerberus GeForce GTX 1050 TI 4gb OC Edition Gddr5 Gaming Graphics Card,2022-03-02,190.0,https://www.ebay.com/itm/353923952430?epid=10026728776&hash=item526782ef2e:g:McEAAOSwkLJiED5Q,False
386,484,Zotec Geforce GTX 1050 ti 4GB OC,2022-03-02,147.95,https://www.ebay.com/itm/165352043009?hash=item267fbff201:g:wkIAAOSw5wRiAqr9,False
387,487,Nvidia EVGA Geforce GTX 1050 Ti,2022-03-01,165.0,https://www.ebay.com/itm/325077940795?hash=item4bb027ba3b:g:szEAAOSw-bViHVdx,False
389,490,MSI NVIDIA GeForce GTX 1050 Ti 4GB GDDR5 Graphics Card FAST SHIPPING!!,2022-03-01,184.43,https://www.ebay.com/itm/275189733975?epid=12021678942&hash=item4012961a57:g:9SQAAOSwtNZiHmlR,False
390,491,"EVGA GeForce GTX 1050 Ti SC GAMING, 04G-P4-6253-KR, 4GB GDDR5, ACX 2.0,SingleFan",2022-03-01,150.0,https://www.ebay.com/itm/275181408107?hash=item4012170f6b:g:XNQAAOSw0UhiFzfo,False
391,493,GIGABYTE GeForce GTX 1050 Ti 4GB GDDR5 Graphics Card (GVN105TD54GD),2022-03-01,150.0,https://www.ebay.com/itm/284664345498?hash=item424751339a:g:k00AAOSwo8diFETz,False
394,497,gtx 1050 ti 4gb Japanese brand,2022-03-01,140.0,https://www.ebay.com/itm/175181740920?hash=item28c9a53b78:g:U~4AAOSw0~FiHjVY,False
395,498,MSI NVIDIA GeForce GTX 1050 TI 4GB GDDR5 Graphics Card,2022-03-01,200.0,https://www.ebay.com/itm/275178983925?epid=21030523268&hash=item4011f211f5:g:v8EAAOSwdOtiFRco,False
396,499,ASUS GeForce GTX 1050 2GB Phoenix Fan Edition (PH-GTX1050-2G),2022-03-01,159.0,https://www.ebay.com/itm/304310487573?hash=item46da518a15:g:ZHEAAOSw2OJhwGX4,False
397,500,MSI Nvidia GeForce GTX 1050 Ti 4GB GPU VRAM Graphics Card PC Gaming Used,2022-03-01,199.97,https://www.ebay.com/itm/115199036162?hash=item1ad265cb02:g:7a4AAOSw8VBh5Nto,False
398,501,MSI GeForce 4GB (GTX 1050 TI GAMING X 4G) Graphics Card,2022-02-28,180.0,https://www.ebay.com/itm/224850509232?epid=10021692240&hash=item345a227db0:g:dlAAAOSwTT5iAfuw,False
399,502,EVGA Nvidia Geforce GTX 1050 Ti,2022-02-28,169.52,https://www.ebay.com/itm/115262442392?hash=item1ad62d4b98:g:5DgAAOSwevViFE6e,False
400,503,MSI GeForce 4GB (GTX 1050 TI GAMING X 4G) Graphics Card,2022-02-28,167.5,https://www.ebay.com/itm/304371910510?hash=item46ddfac76e:g:91AAAOSwNcxh4Zca,False
402,506,MSI GTX1050Ti4GTLP NVIDIA GeForce GTX 1050Ti 4GB GDDR5 Graphics Card,2022-02-28,140.0,https://www.ebay.com/itm/403491135248?epid=20032166712&hash=item5df1f21f10:g:4OIAAOSwOPZiFDKW,False
403,507,GIGABYTE GeForce GTX 1050 Ti 4GB GDDR5 Graphics Card (GVN105TD54GD),2022-02-28,183.61,https://www.ebay.com/itm/234433553193?epid=5026512636&hash=item3695542329:g:o38AAOSwrXhf6c58,False
404,508,Gigabyte Geforce GTX 1050Ti 4Gb GDDR5 Windforce OC,2022-02-28,159.83,https://www.ebay.com/itm/125161779443?epid=18032167986&hash=item1d243930f3:g:b~sAAOSw0GJiFCci,False
405,509,MSI GeForce GTX 1050 Ti 4GB GDDR5 Graphics Card (GTX1050TI4GTOC),2022-02-28,152.5,https://www.ebay.com/itm/363738317776?epid=22025879252&hash=item54b07e43d0:g:vs4AAOSwWLFiFBLW,False
406,510,MSI GeForce GTX 1050 Ti 4 GT OC 4GB 128-Bit GDDR5 HDCP Ready ATX Video Card,2022-02-28,139.25,https://www.ebay.com/itm/134031383529?epid=22025879252&hash=item1f34e49be9:g:qjsAAOSwjSFiDVL5,False
407,511,MSI NVIDIA GeForce GTX 1050 Ti 4GB GDDR5 OC Graphics Card,2022-02-28,169.99,https://www.ebay.com/itm/115252144187?epid=12021678942&hash=item1ad590283b:g:vkQAAOSwDvNiC-FR,False
408,512,PNY GeForce GTX 1050 TI XLR8 OC 4GB Gaming Graphics Card VCGGTX1050T4XGPB-OC-BB,2022-02-28,175.5,https://www.ebay.com/itm/175169796713?epid=777601009&hash=item28c8eefa69:g:bBIAAOSweXRh-Wep,False
410,514,ZOTAC Geforce GTX 1050 Ti Mini 4GB GDDR5 Gaming Graphic Card,2022-02-28,169.0,https://www.ebay.com/itm/125133830943?epid=14026724690&hash=item1d228ebb1f:g:w2AAAOSw8Vhh~cpf,False
411,515,MSI NVIDIA GeForce GTX 1050 TI 4GB GDDR5 Graphics Card,2022-02-28,180.5,https://www.ebay.com/itm/175173090854?hash=item28c9213e26:g:LCMAAOSwkjhiFnm0,False
412,516,GIGABYTE GeForce GTX 1050 TI Windforce OC 4GB GDDR5 Graphics Card,2022-02-28,170.0,https://www.ebay.com/itm/275177631054?epid=18032167986&hash=item4011dd6d4e:g:JRQAAOSwF6diE9ZR,False
413,520,GIGABYTE GeForce GTX 1050 Ti WINDFORCE OC 4G  - GV-N105TWF2OC-4GD,2022-02-28,135.0,https://www.ebay.com/itm/275180297105?epid=18032167986&hash=item4012061b91:g:WBgAAOSwI6ViFks4,False
414,521,MSI GeForce GTX 1050 Ti 4GB GDDR5 Graphics Card (GTX1050TI4GTOC),2022-02-28,155.0,https://www.ebay.com/itm/115261476145?epid=22025879252&hash=item1ad61e8d31:g:yXQAAOSwnTxiE6fx,False
416,524,MSI GeForce GTX 1050 Ti GAMING X 4G NVIDIA Graphics Card,2022-02-27,149.99,https://www.ebay.com/itm/175179485304?epid=10021692240&hash=item28c982d078:g:wAMAAOSwiONiHEJt,False
417,527,Nvidia EVGA Geforce GTX 1050 Ti,2022-02-27,155.0,https://www.ebay.com/itm/154871869951?hash=item240f1531ff:g:xpsAAOSwKWdiGtnT,False
418,528,MSI NVIDIA GeForce GTX 1050 TI 4GB GDDR5 Graphics Card,2022-02-27,140.0,https://www.ebay.com/itm/294824954366?epid=21030523268&hash=item44a4efc9fe:g:U9EAAOSweqliEwDW,False
420,531,Zotac geforce gtx 1050 ti 4gb 128 bit Graphics card,2022-02-27,130.0,https://www.ebay.com/itm/284658443195?hash=item4246f723bb:g:MnkAAOSwWfliAbUD,False
422,533,Zotac Geforce GTX 1050 ti OC 4GB Dual Fan,2022-02-27,159.83,https://www.ebay.com/itm/255396872308?hash=item3b76d70074:g:s48AAOSwr-ViEAH8,False
423,534,Asus GeForce GTX 1050 Ti 4GB Phoenix Fan Edition Graphics Card - PH-GTX1050TI-4G,2022-02-27,190.0,https://www.ebay.com/itm/334345079867?epid=28031984310&hash=item4dd8850c3b:g:Z3gAAOSwqwdiGv9n,False
424,535,ASUS NVIDIA GeForce GTX 1050 TI STRIX OC Gaming 4gb Gddr5,2022-02-27,150.0,https://www.ebay.com/itm/154860439130?epid=5026729071&hash=item240e66c65a:g:YWMAAOSwI65iEs2Q,False
425,536,Nvidia EVGA Geforce GTX 1050 Ti,2022-02-27,189.0,https://www.ebay.com/itm/154867702323?hash=item240ed59a33:g:lr0AAOSwNQ9h7D6b,False
426,537,MSI GeForce GTX 1050Ti 4GB OC GDDR5 Graphics Card,2022-02-27,190.0,https://www.ebay.com/itm/115268397360?hash=item1ad6882930:g:uIgAAOSw5s1iEddW,False
429,540,Asus GeForce GTX 1050 Ti 4GB Phoenix Fan Edition PH-GTX1050TI-4G ,2022-02-27,170.0,https://www.ebay.com/itm/185315661275?epid=28031984310&hash=item2b25ac95db:g:~94AAOSwmgBiGleG,False
430,542,GIGABYTE NVIDIA GeForce GTX 1050 TI 4GB GDDR5 Graphics Card (GVN105TOC4GL),2022-02-27,140.5,https://www.ebay.com/itm/313884079356?epid=11030515113&hash=item4914f2f4fc:g:CZAAAOSw8y5iEolz,False
431,543,ZOTAC Geforce GTX 1050 Ti Mini 4GB GDDR5 Gaming Graphic Card (ZT-P10510A-10L),2022-02-27,137.5,https://www.ebay.com/itm/325061296841?epid=14026724690&hash=item4baf29c2c9:g:rtAAAOSwMbJiEnSF,False
432,544,MSI GeForce GTX 1050 AERO ITX OCV1 4GB GDDR5 Graphics Card,2022-02-27,150.0,https://www.ebay.com/itm/134034482826?epid=9039290909&hash=item1f3513e68a:g:8REAAOSwvZJiBA6l,False
433,545,"EVGA GeForce GTX 1050 TI SC Gaming (4GB, GDDR5 Graphics Card) Free Priority Ship",2022-02-27,199.99,https://www.ebay.com/itm/203844273347?epid=20003297363&hash=item2f7610c4c3:g:5isAAOSwPAViGUqz,False
434,547,GIGABYTE GeForce GTX 1050 TI G1 Gaming 4gb Card,2022-02-27,136.25,https://www.ebay.com/itm/353923985473?epid=9026500098&hash=item5267837041:g:vqMAAOSwb11iElFA,False
435,550,ZOTAC Geforce GTX 1050 Ti Mini 4GB GDDR5 (ZT-P10510A-10L) FREE SHIPPING,2022-02-27,156.0,https://www.ebay.com/itm/185304599357?epid=14026724690&hash=item2b2503cb3d:g:93sAAOSwFrNiEgW7,False
437,552,EVGA 04G-P4-6255-KR GeForce GTX 1050 TI SSC Gaming 4GB GDDR5 Graphics Card,2022-02-26,190.0,https://www.ebay.com/itm/185315999124?epid=19032163836&hash=item2b25b1bd94:g:nq8AAOSwArliGo-h,False
438,553,ASUS NVIDIA GeForce GTX 1050 TI STRIX OC Gaming 4gb Gddr5,2022-02-26,179.0,https://www.ebay.com/itm/144424902164?epid=5026729071&hash=item21a0651e14:g:CIsAAOSw2x5iExDy,False
439,554,PNY GeForce GTX 1050 TI XLR8 OC 4GB Gaming Graphics Card VCGGTX1050T4XGPB-OC,2022-02-26,139.5,https://www.ebay.com/itm/384744685833?epid=14009503784&hash=item5994920109:g:6gQAAOSwOw1iEbjk,False
441,559,"EVGA GeForce GTX 1050 TI SC Gaming (4GB, GDDR5 Graphics Card)",2022-02-26,153.5,https://www.ebay.com/itm/294823105093?epid=20003297363&hash=item44a4d39245:g:pMgAAOSwGRFiEZfP,False
442,560,Geforce gtx 1050 ti 4g oc / ultra 4K output / HDMI / USB,2022-02-26,125.0,https://www.ebay.com/itm/154868346792?hash=item240edf6fa8:g:QkEAAOSwanpiGCTJ,False
444,562,msi geforce gtx 1050 ti gaming x 4g graphics card,2022-02-26,139.0,https://www.ebay.com/itm/373940174751?hash=item5710923f9f:g:l6IAAOSwjGBh2hID,False
445,563,"EVGA GeForce GTX 1050 TI SC Gaming (4GB, GDDR5 Graphics Card)",2022-02-26,147.5,https://www.ebay.com/itm/175173502196?epid=20003297363&hash=item28c92784f4:g:KrMAAOSw4jxiC3VE,False
446,564,Asus GeForce GTX 1050 Ti 4GB Phoenix Fan Edition PH-GTX1050TI-4G ,2022-02-26,170.0,https://www.ebay.com/itm/255407080957?epid=28031984310&hash=item3b7772c5fd:g:VRUAAOSwrCxiGnRY,False
447,565,MSI GeForce GTX 1050 Ti GAMING X 4G NVIDIA Graphics Card,2022-02-26,182.0,https://www.ebay.com/itm/304364609841?epid=10021692240&hash=item46dd8b6131:g:rJIAAOSwhyNiEWJ2,False
448,566,MSI NVIDIA GeForce GTX 1050 TI 4GB GDDR5 Graphics Card,2022-02-26,150.0,https://www.ebay.com/itm/115265190196?epid=21030523268&hash=item1ad6573934:g:Dv0AAOSwoaNiFqGL,False
449,567,"EVGA GeForce GTX 1050 Ti SSC GAMING, 04G-P4-6255-KB, 4GB GDDR5, ACX 3.0 & LED",2022-02-26,137.51,https://www.ebay.com/itm/125158062082?hash=item1d24007802:g:LWgAAOSwQoRiEUrO,False
450,568,EVGA 04G-P4-6255-KR GeForce GTX 1050 TI SSC Gaming 4GB GDDR5 Graphics Card,2022-02-26,150.0,https://www.ebay.com/itm/275185093534?epid=19032163836&hash=item40124f4b9e:g:SREAAOSwknNiGm5t,False
451,569,GIGABYTE GeForce GTX 1050 TI G1 Gaming 4gb Card,2022-02-26,167.5,https://www.ebay.com/itm/125157944007?hash=item1d23feaac7:g:znwAAOSwJPph8JlL,False
453,571,Gigabyte GTX 1050 TI (4GB GDDR5) WindForce Graphics Card GPU Nvidia,2022-02-26,175.0,https://www.ebay.com/itm/185315232092?hash=item2b25a6095c:g:RjAAAOSwNLhiGCvS,False
454,573,Nvidia EVGA Geforce GTX 1050 Ti 4GB GDDR5,2022-02-25,152.5,https://www.ebay.com/itm/284662758131?hash=item424738faf3:g:bg0AAOSw1g9iEvqb,False
457,577,MSI GeForce GTX 1050 Ti AERO ITX Graphics Card 4GB GDDR5 OC Single Fan,2022-02-25,152.5,https://www.ebay.com/itm/304363363976?hash=item46dd785e88:g:zsIAAOSw-4xh~bDx,False
458,578,ASUS Phoenix NVIDIA GeForce GTX 1050 Ti 4GB GDDR5 Graphics Card...,2022-02-25,149.5,https://www.ebay.com/itm/325058138714?epid=28031984310&hash=item4baef9925a:g:TnUAAOSwJt9iEAvN,False
459,579,"EVGA GeForce GTX 1050 Ti SSC Gaming ACX 3.0, 4GB GDDR5 Graphics Card",2022-02-25,162.5,https://www.ebay.com/itm/294815720745?epid=760535328&hash=item44a462e529:g:AAwAAOSwWl1iDBXt,False
461,581,ZOTAC Geforce GTX 1050 Ti Mini 4GB GDDR5 Gaming Graphic Card (ZT-P10510A-10L),2022-02-25,180.0,https://www.ebay.com/itm/325055600444?epid=14026724690&hash=item4baed2d73c:g:hTcAAOSwb11iDnOr,False
462,582,nvidia gtx 1050 ti 4gb,2022-02-25,137.5,https://www.ebay.com/itm/224848372458?hash=item345a01e2ea:g:4J0AAOSwPQBiEqDE,False
463,583,EVGA 04G-P4-6255-KR GeForce GTX 1050 TI SSC Gaming 4GB GDDR5 Graphics Card,2022-02-25,158.5,https://www.ebay.com/itm/373938620303?epid=19032163836&hash=item57107a878f:g:ZIEAAOSw5iJiBsFK,False
465,585,ZOTAC GeForce GTX 1050 TI OC Edition 4gb Gddr5,2022-02-25,179.99,https://www.ebay.com/itm/125108855114?hash=item1d2111a14a:g:btwAAOSwp45h6Hiq,False
468,588,ASUS GeForce GTX 1050 Ti 4GB GDDR5 Graphics Card (PHGTX1050TI4G),2022-02-25,163.5,https://www.ebay.com/itm/203836425322?epid=18036427347&hash=item2f7599046a:g:2xwAAOSw1d9iD6Os,False
469,589,EVGA GeForce GTX 1050 TI SSC Gaming 4GB Graphics Card,2022-02-25,185.0,https://www.ebay.com/itm/175175284689?hash=item28c942b7d1:g:X8cAAOSwTHxiGDZr,False
470,590,EVGA GeForce GTX 1050 TI SSC Gaming 4GB ,2022-02-24,190.0,https://www.ebay.com/itm/373851512408?hash=item570b495e58:g:o6MAAOSwwTph1M3R,False
471,591,MSI GTX 1050ti Gaming X 4GB,2022-02-24,170.0,https://www.ebay.com/itm/224855165675?hash=item345a698aeb:g:N74AAOSwG-Jh81C6,False
472,592,GIGABYTE NVIDIA GeForce GTX 1050 TI 4GB GDDR5 Graphics Card 25%off,2022-02-24,150.0,https://www.ebay.com/itm/115265184286?epid=11030515113&hash=item1ad657221e:g:FrQAAOSwBehiFqB2,False
473,593,MSI GeForce GTX 1050 Ti 4GB GDDR5 Graphics Card (GTX1050TI4GTOC),2022-02-24,168.13,https://www.ebay.com/itm/363732777073?epid=22025879252&hash=item54b029b871:g:xkAAAOSwKFViDuJR,False
474,594,MSI NVIDIA GeForce GTX 1050 TI 4GB GDDR5 Graphics Card,2022-02-24,133.5,https://www.ebay.com/itm/224843770942?epid=21030523268&hash=item3459bbac3e:g:MGoAAOSwv3NiDEGT,False
478,599,PNY gtx 1050 ti 4gb,2022-02-24,175.0,https://www.ebay.com/itm/313888850653?hash=item49153bc2dd:g:-pcAAOSwTZ5iFr~V,False
479,600,"EVGA GeForce GTX 1050 TI SC Gaming (4GB, GDDR5 Graphics Card)",2022-02-24,175.0,https://www.ebay.com/itm/304358701475?epid=20003297363&hash=item46dd3139a3:g:sQkAAOSwdqlh~bG4,False
480,601,MSI NVIDIA GeForce GTX 1050 Ti 4GB GDDR5 Graphics Card,2022-02-24,162.5,https://www.ebay.com/itm/175163514210?epid=12021678942&hash=item28c88f1d62:g:Gz0AAOSw2x5iDqAE,False
481,602,$$ Msi geforce gtx 1050 ti gaming x 4GB $$,2022-02-24,173.0,https://www.ebay.com/itm/334333800569?hash=item4dd7d8f079:g:NQoAAOSwy1th-3X0,False
482,603,ZOTAC Geforce GTX 1050 Ti Mini 4GB GDDR5 Gaming Graphic Card (ZT-P10510A-10L),2022-02-24,189.99,https://www.ebay.com/itm/265561206030?epid=14026724690&hash=item3dd4ae6d0e:g:v3EAAOSwq4ViFFQY,False
485,606,ASUS NVIDIA GeForce GTX 1050 TI STRIX OC Gaming 4GB GDDR5 G-SYNC & Aura Sync,2022-02-24,153.0,https://www.ebay.com/itm/175158405688?hash=item28c8412a38:g:fe0AAOSwm6Jh4uXn,False
487,608,msi geforce gtx 1050 ti GAMING X BV GPU graphics card MS,2022-02-23,135.0,https://www.ebay.com/itm/304370695287?hash=item46dde83c77:g:ZLkAAOSwuABiFtzT,False
489,610,EVGA 04G-P4-6255-KR GeForce GTX 1050 TI SSC Gaming 4GB GDDR5 Graphics Card,2022-02-23,183.0,https://www.ebay.com/itm/234431881567?epid=19032163836&hash=item36953aa15f:g:ZogAAOSw0EFiEvbd,False
490,611,"EVGA GeForce GTX 1050 TI SC Gaming (4GB, GDDR5 Graphics Card)",2022-02-23,149.0,https://www.ebay.com/itm/313887476781?epid=20003297363&hash=item491526cc2d:g:67wAAOSwmUpiFXNy,False
491,613,EVGA GeForce GTX 1050 Ti 4GB GDDR5 Graphics Card (04GP46255RX),2022-02-23,180.0,https://www.ebay.com/itm/384739084565?epid=760535328&hash=item59943c8915:g:wqoAAOSwmaJiDaIl,False
492,614,ZOTAC Geforce GTX 1050 Ti Mini 4GB GDDR5 Gaming Graphic Card (ZT-P10510A-10L),2022-02-23,162.5,https://www.ebay.com/itm/304360429105?epid=14026724690&hash=item46dd4b9631:g:UnQAAOSwCDdiDZ~M,False
493,634,ASUS Phoenix NVIDIA GeForce GTX 1050 Ti 4GB GDDR5 Graphics Card,2022-02-23,168.22,https://www.ebay.com/itm/224840952820?epid=28031984310&hash=item345990abf4:g:EbsAAOSw7rdiDHi3,False
494,635,zotac geforce gtx 1050 ti 4gb,2022-02-23,140.0,https://www.ebay.com/itm/175157488067?hash=item28c83329c3:g:wOgAAOSwBmFiCZ2X,False
495,637,ZOTAC Geforce GTX 1050 Ti Mini 4GB GDDR5 Gaming Graphic Card (ZT-P10510A-10L),2022-02-23,174.99,https://www.ebay.com/itm/203841854748?epid=14026724690&hash=item2f75ebdd1c:g:EIAAAOSwrl9iFpsz,False
496,639,GRAPHIC CARD - TARJETA GRAFICA MSI NVIDIA 1050ti  4GB GDDR5,2022-02-23,150.0,https://www.ebay.com/itm/334332503090?hash=item4dd7c52432:g:SjwAAOSwb1piDWhT,False
497,640,EVGA GeForce GTX 1050 Ti SSC GAMING 4GB GDDR5 Graphics Card (04G-P4-6255-KB),2022-02-23,149.99,https://www.ebay.com/itm/125165089792?epid=631607182&hash=item1d246bb400:g:KDIAAOSwNTRiFmht,False
498,641,"EVGA GeForce GTX 1050 TI SC Gaming (4GB, GDDR5 Graphics Card)",2022-02-23,142.5,https://www.ebay.com/itm/125152148283?epid=20003297363&hash=item1d23a63b3b:g:XBsAAOSwh0xh6DyQ,False
499,642,GIGABYTE GeForce GTX 1050 TI Windforce OC 4GB GDDR5 Graphics Card,2022-02-23,151.5,https://www.ebay.com/itm/284656265466?epid=18032167986&hash=item4246d5e8fa:g:OFwAAOSwwN9iDRbx,False
500,643,"EVGA GeForce GTX 1050 TI SC Gaming (4GB, GDDR5 Graphics Card)",2022-02-23,171.0,https://www.ebay.com/itm/334332127859?hash=item4dd7bf6a73:g:MssAAOSw2ypiDRAp,False
502,646,MSI NVIDIA GeForce GTX 1050 TI 4GB GDDR5 Graphics Card,2022-02-22,162.5,https://www.ebay.com/itm/363730129420?epid=0&hash=item54b001520c:g:FYgAAOSwIldiDKRA,False
503,647,MSI GeForce GTX 1050 Ti 4GB GDDR5 Graphics Card (GTX1050TI4GTOC),2022-02-22,145.0,https://www.ebay.com/itm/284666092531?epid=22025879252&hash=item42476bdbf3:g:29sAAOSwmcViFcFD,False
504,648,MSI GeForce GTX 1050 Ti 4GB GDDR5 Graphics Card (GTX1050TI4GOC),2022-02-22,160.0,https://www.ebay.com/itm/275176737170?epid=12021678942&hash=item4011cfc992:g:yFEAAOSwyjtiFIV~,False
505,649,ASUS Phoenix NVIDIA GeForce GTX 1050 Ti 4GB GDDR5 Graphics Card PH-GTX1050TI-4GB,2022-02-22,175.0,https://www.ebay.com/itm/304365761604?epid=28031984310&hash=item46dd9cf444:g:BtIAAOSwQdliEnRV,False
508,654,DELL GEFORCE GTX 1050TI 4GB GDDR5 GRAPHICS CARD CN-0DVP9W 0DVP9W DVP9W ,2022-02-22,179.99,https://www.ebay.com/itm/165350315650?epid=23049274459&hash=item267fa59682:g:PR8AAOSwmUpiFQQ9,False
509,655,"EVGA GeForce GTX 1050 TI SC Gaming (4GB, GDDR5 Graphics Card)",2022-02-22,142.5,https://www.ebay.com/itm/313877441363?epid=20003297363&hash=item49148dab53:g:xtkAAOSwUC1iDCN6,False
510,656,"EVGA GeForce GTX 1050 TI SC Gaming (4GB, GDDR5 Graphics Card) Excellent Cond",2022-02-22,151.01,https://www.ebay.com/itm/313877440603?epid=20003297363&hash=item49148da85b:g:JdUAAOSwGyBiDCMd,False
511,657,Nvidia EVGA Geforce GTX 1050 Ti,2022-02-22,189.0,https://www.ebay.com/itm/154852905278?hash=item240df3d13e:g:lr0AAOSwNQ9h7D6b,False
512,659,"EVGA GeForce GTX 1050 TI SC Gaming (4GB, GDDR5 Graphics Card)",2022-02-22,147.51,https://www.ebay.com/itm/325051988092?epid=20003297363&hash=item4bae9bb87c:g:w0sAAOSwp4FiDAVb,False
514,662,"EVGA GeForce GTX 1050 TI SC Gaming (4GB, GDDR5 Graphics Card)",2022-02-22,145.0,https://www.ebay.com/itm/224840200820?epid=20003297363&hash=item3459853274:g:u9oAAOSwzr9iC-EK,False
515,663,MSI GeForce 4GB (GTX 1050 TI GAMING X 4G) GDDR5 Graphics Card,2022-02-22,198.98,https://www.ebay.com/itm/165343886326?epid=10021692240&hash=item267f437bf6:g:gfsAAOSwFpxiEAeJ,False
517,667,EVGA 04G-P4-6255-KR GeForce GTX 1050 TI SSC Gaming 4GB GDDR5 Graphics Card,2022-02-22,152.5,https://www.ebay.com/itm/284654747612?epid=19032163836&hash=item4246bebfdc:g:Ui8AAOSwG2RiAT5W,False
518,668,EVGA 04G-P4-6255-KR GeForce GTX 1050 TI SSC Gaming 4GB GDDR5 Graphics Card,2022-02-22,149.0,https://www.ebay.com/itm/203816822489?epid=19032163836&hash=item2f746de6d9:g:tGkAAOSw4Lph-I26,False
519,669,Nvidia MSI GeForce GTX 1050 Ti 4GT OC Graphics Card,2022-02-21,167.5,https://www.ebay.com/itm/325046064211?epid=22025879252&hash=item4bae415453:g:~twAAOSwVU5iByOS,False
520,670,ZOTAC GeForce GTX 1050 TI OC Edition 4gb Gddr5,2022-02-21,137.5,https://www.ebay.com/itm/125149507096?hash=item1d237dee18:g:86wAAOSwvjNiCxh3,False
521,672,MSI GeForce 4GB (GTX 1050 TI GAMING X 4G) Graphics Card,2022-02-21,177.5,https://www.ebay.com/itm/275168337405?epid=10021692240&hash=item40114f9dfd:g:zAYAAOSwWjliCwO3,False
523,675,MSI NVIDIA GeForce GTX 1050 Ti 4GB GDDR5 Graphics Card,2022-02-21,151.78,https://www.ebay.com/itm/154849067608?epid=12021678942&hash=item240db94258:g:NDQAAOSwzOxiCvNN,False
524,676,MSI GeForce 4GB (GTX 1050 TI GAMING X 4G) Graphics Card,2022-02-21,140.0,https://www.ebay.com/itm/194833418090?epid=10021692240&hash=item2d5cfa076a:g:JqIAAOSwyR9iCup6,False
525,677,Dell Nvidia GeForce GTX 1050 Ti 1050TI 4GB GDDR5 Video Gaming Graphics Card,2022-02-21,189.99,https://www.ebay.com/itm/265503324501?hash=item3dd13b3955:g:gNEAAOSws4Nh4594,False
526,679,OCPC GeForce GTX 1050 Ti 4GB GDDR5 Video Graphics Card OCVN1050TG4,2022-02-21,174.99,https://www.ebay.com/itm/175169678097?hash=item28c8ed2b11:g:U1QAAOSw4ORiE9dh,False
528,681,ASUS GeForce GTX 1050 Ti 4GB GDDR5 Graphics Card (PH-GTX1050TI-4G),2022-02-21,162.5,https://www.ebay.com/itm/403473503005?epid=18036427347&hash=item5df0e5131d:g:4kEAAOSwOhdiCqg5,False
529,682,"GIGABYTE Nvidia GeForce GTX 1050 TI Windforce OC 4GB GDDR5 Graphics Card, #164",2022-02-21,199.0,https://www.ebay.com/itm/185305345993?epid=18032167986&hash=item2b250f2fc9:g:nhAAAOSwNJpiEn0I,False
530,683,ZOTAC Geforce GTX 1050 Ti Mini 4GB GDDR5 Gaming Graphic Card (ZT-P10510A-10L),2022-02-21,147.5,https://www.ebay.com/itm/144417273346?epid=14026724690&hash=item219ff0b602:g:SFEAAOSw2lNiDUxU,False
531,684,ZOTAC Geforce GTX 1050 Ti Mini 4GB GDDR5 Gaming Graphic Card (ZT-P10510A-10L),2022-02-21,142.5,https://www.ebay.com/itm/185295446625?epid=14026724690&hash=item2b24782261:g:BysAAOSwmXxiCqR8,False
533,687,MSI (Nvidia) GTX 1050 Ti 4GB GDDR5 Graphics Card Overclocked (GTX1050TI4GTOC) ,2022-02-21,187.89,https://www.ebay.com/itm/304348128548?epid=22025879252&hash=item46dc8fe524:g:7gIAAOSwbldiAH0n,False
534,691,EVGA GeForce GTX 1050 Ti FTW Gaming ACX 3.0 (04G-P4-6258-KR),2022-02-20,199.0,https://www.ebay.com/itm/304364001346?epid=16028670613&hash=item46dd821842:g:Nf8AAOSw-kxiENKK,False
535,693,NVIDIA Geforce GTX 1050 ti 4 GBÂ ,2022-02-20,128.02,https://www.ebay.com/itm/294812546515?hash=item44a43275d3:g:buYAAOSwt3Jh81ev,False
536,694,ASUS NVIDIA GeForce GTX 1050 Ti 4GB GDDR5 Graphics Card,2022-02-20,150.0,https://www.ebay.com/itm/265554866240?epid=2255616274&hash=item3dd44db040:g:t-0AAOSwZDFh~t0v,False
537,695,Asus ROG Strix 4G Nvidia GTX 1050ti OC,2022-02-20,165.5,https://www.ebay.com/itm/284652327141?hash=item424699d0e5:g:u-UAAOSwjmdiCUtZ,False
538,696,PNY Geforce GTX 1050 TI 4GB,2022-02-20,142.5,https://www.ebay.com/itm/325048780544?hash=item4bae6ac700:g:msgAAOSwBdNiCZai,False
539,698,EVGA 04G-P4-6255-KR GeForce GTX 1050 TI SSC Gaming 4GB GDDR5 Graphics Card,2022-02-20,193.5,https://www.ebay.com/itm/393935122289?epid=19032163836&hash=item5bb85cef71:g:EHYAAOSwEpViCYXq,False
540,699,EVGA GeForce GTX 1050 Ti SSC GAMING 4GB GDDR5 Graphics Card (04G-P4-6255-KB),2022-02-20,155.0,https://www.ebay.com/itm/275166920923?epid=631607182&hash=item40113a00db:g:Fi0AAOSwvwBiCYJ~,False
541,700,GIGABYTE GeForce GTX 1050 Ti 4GB GDDR5 Graphics Card (GVN105TD54GD),2022-02-20,150.0,https://www.ebay.com/itm/384694248800?epid=5026512636&hash=item5991906560:g:-3oAAOSwgmFh7M8v,False
542,701,ASUS GeForce GTX 1050 Ti 4GB GDDR5 Graphics Card (PHGTX1050TI4G),2022-02-20,169.99,https://www.ebay.com/itm/224843945675?epid=18036427347&hash=item3459be56cb:g:2-sAAOSwWz5iBU2Y,False
543,702,GIGABYTE GeForce GTX 1050 TI 4GB GDDR5 Graphics Card,2022-02-20,173.5,https://www.ebay.com/itm/393935030804?epid=18032167986&hash=item5bb85b8a14:g:AWEAAOSwk9NiCWrD,False
544,703,EVGA Geforce GTX 1050 Ti video card,2022-02-20,162.5,https://www.ebay.com/itm/275166758837?hash=item40113787b5:g:dtEAAOSwVa9iCWJa,False
545,704,ASUS NVIDIA GEFORCE GTX 1050 Ti 4GB,2022-02-20,185.0,https://www.ebay.com/itm/125158280346?hash=item1d2403cc9a:g:GFUAAOSwJahiCtr4,False
546,705,MSI GEFORCE GTX 1050 TI 4GT OC 4GB GRAPHICS CARD *HAS NOT BEEN TESTED*,2022-02-20,160.0,https://www.ebay.com/itm/363735701591?hash=item54b0565857:g:OiIAAOSwV7hh~ETN,False
547,707,MSI GeForce 4GB (GTX 1050 TI GAMING X 4G) Graphics Card,2022-02-20,200.0,https://www.ebay.com/itm/363734792544?epid=10021692240&hash=item54b0487960:g:E-UAAOSwc-piEHV4,False
548,708,MSI GeForce GTX 1050 Ti 4GB GDDR5 Graphics Card (GTX1050TI4GOC),2022-02-20,141.0,https://www.ebay.com/itm/304356274127?epid=12021678942&hash=item46dd0c2fcf:g:CJwAAOSwgOJiCUmK,False
549,709,GIGABYTE GeForce GTX 1050 Ti 4GB GDDR5 Graphics Card (GVN105TD54GD),2022-02-20,190.0,https://www.ebay.com/itm/125141237451?epid=5026512636&hash=item1d22ffbecb:g:kV0AAOSw5~tiAtTU,False
550,710,ASUS NVIDIA GEFORCE GTX 1050 TI 4GB GDDR5 GAMING DESKTOP PC GRAPHICS CARD,2022-02-20,175.0,https://www.ebay.com/itm/334336687577?hash=item4dd804fdd9:g:CRQAAOSwI4ViEQZ3,False
553,713,EVGA GeForce GTX 1050 Ti P/N- 04G-P4-6251-KR 4GB GDDR5 Video Graphics Card,2022-02-20,199.99,https://www.ebay.com/itm/325056000445?hash=item4baed8f1bd:g:dDkAAOSwXvZh-FD8,False
554,714,evga geforce gtx 1050 ti gaming 4gb graphics card,2022-02-20,160.0,https://www.ebay.com/itm/325059651760?hash=item4baf10a8b0:g:yRUAAOSwPnBiEU0g,False
555,716,ZOTAC Geforce GTX 1050 Ti Mini 4GB GDDR5 Gaming Graphic Card (ZT-P10510A-10L),2022-02-20,174.5,https://www.ebay.com/itm/255379434657?epid=14026724690&hash=item3b75cceca1:g:Zg8AAOSwzABiBNN0,False
556,717,EVGA 04G-P4-6255-KR GeForce GTX 1050 TI SSC Gaming 4GB GDDR5 Graphics Card,2022-02-19,186.5,https://www.ebay.com/itm/165333385208?epid=19032163836&hash=item267ea33ff8:g:UH8AAOSwvpliCKQk,False
558,722,MSI GeForce GTX 1050 2GT OC 2GB - Excellent condition,2022-02-19,130.0,https://www.ebay.com/itm/304354118621?hash=item46dceb4bdd:g:0LoAAOSwj-hiBy83,False
559,723,MSI Nvidia GTX 1050ti 4GB OC Graphics Card GPU,2022-02-19,185.0,https://www.ebay.com/itm/275165647016?hash=item40112690a8:g:TqYAAOSwVORh~xX0,False
560,724,MSI NVIDIA GeForce GTX 1050 Ti 4GB GDDR5 Graphics Card,2022-02-19,153.5,https://www.ebay.com/itm/265546991184?epid=12021678942&hash=item3dd3d58650:g:WDYAAOSwGHhiCCau,False
561,725,evga 1050 ti,2022-02-19,135.0,https://www.ebay.com/itm/304355300121?hash=item46dcfd5319:g:3OUAAOSw1bBiCDP-,False
562,726,PNY GeForce GTX 1050 Ti 4GB GPU,2022-02-19,136.79,https://www.ebay.com/itm/373928713862?epid=2016432983&hash=item570fe35e86:g:hMIAAOSwduNiCBfV,False
563,727,"EVGA GeForce GTX 1050 TI SC Gaming (4GB, GDDR5 Graphics Card)",2022-02-19,148.5,https://www.ebay.com/itm/255383392088?epid=20003297363&hash=item3b76094f58:g:5tQAAOSwBNFh5fQi,False
564,728,ASUS GeForce GTX 1050 Ti 4GB GDDR5 Graphics Card (PHGTX1050TI4G),2022-02-19,180.0,https://www.ebay.com/itm/134028713945?epid=18036427347&hash=item1f34bbdfd9:g:bDcAAOSw6AJiEBRr,False
565,729,"EVGA GeForce GTX 1050 TI SC Gaming (4GB, GDDR5 Graphics Card)",2022-02-19,190.0,https://www.ebay.com/itm/234399405515?epid=20003297363&hash=item36934b15cb:g:jxEAAOSw~i1h9pJg,False
567,731,ZOTAC Geforce GTX 1050 Ti Mini 4GB GDDR5 Gaming Graphic Card (ZT-P10510A-10L),2022-02-19,165.0,https://www.ebay.com/itm/154858102212?epid=14026724690&hash=item240e431dc4:g:fVUAAOSwdTpiEC9c,False
568,732,ZOTAC GeForce GTX 1050 TI Mini 4gb,2022-02-19,170.0,https://www.ebay.com/itm/165343290001?hash=item267f3a6291:g:~4MAAOSwkbJiAcXH,False
569,734,ASUS NVIDIA GEFORCE GTX 1050 TI 4GB GDDR5 GAMING DESKTOP PC GRAPHICS CARD,2022-02-19,175.0,https://www.ebay.com/itm/334336078274?hash=item4dd7fbb1c2:g:CRQAAOSwI4ViEQZ3,False
570,735,ASUS NVIDIA GEFORCE GTX 1050 Ti 4GB,2022-02-19,185.0,https://www.ebay.com/itm/125149149821?hash=item1d23787a7d:g:GFUAAOSwJahiCtr4,False
572,739,EVGA GeForce GTX 1050 TI SC Gaming 4GB GDDR5 Graphics Card,2022-02-19,157.5,https://www.ebay.com/itm/304354884698?epid=20003297363&hash=item46dcf6fc5a:g:60IAAOSw3sZh9EUY,False
573,740,ZOTAC Geforce GTX 1050 Ti Mini 4GB GDDR5 Gaming Graphic Card (ZT-P10510A-10L),2022-02-19,165.0,https://www.ebay.com/itm/154856743361?epid=14026724690&hash=item240e2e61c1:g:fVUAAOSwdTpiEC9c,False
574,741,GIGABYTE GeForce GTX 1050 Ti 4GB GDDR5 Graphics Card NVIDIA OpenGL GVN105TD54GD,2022-02-18,173.5,https://www.ebay.com/itm/234417301613?epid=5026512636&hash=item36945c286d:g:VaMAAOSwekRiB0oP,False
575,742,"EVGA GeForce GTX 1050 TI SC Gaming (4GB, GDDR5 Graphics Card)",2022-02-18,190.0,https://www.ebay.com/itm/284660044176?epid=20003297363&hash=item42470f9190:g:n28AAOSwkbRiEFcQ,False
576,743,MSI NVIDIA GeForce GTX1050Ti 4GB DDR5 PCI-Express express Video Card 1050ti 1050,2022-02-18,137.5,https://www.ebay.com/itm/255388324936?hash=item3b76549448:g:6EQAAOSwZthiDAvb,False
577,744,GTX 1050 ti 4gb Japanese brand,2022-02-18,149.99,https://www.ebay.com/itm/115252128567?hash=item1ad58feb37:g:Yt4AAOSwN0xiC-HF,False
578,745,nvidia geforce gtx 1050 ti 4gb gddr5 graphics card,2022-02-18,147.5,https://www.ebay.com/itm/363724682165?hash=item54afae33b5:g:T6cAAOSwqrBiBwhE,False
580,747,MSI Gaming GeForce GTX 1050 Ti 4GB GDDR5 PCI Express 3.0 x16 ATX Video Card GTX,2022-02-18,152.5,https://www.ebay.com/itm/304354133442?epid=10021692240&hash=item46dceb85c2:g:qYkAAOSw~eBh~bKK,False
581,748,GTX 1050 Ti Mini 4GB GDDR5 Gaming Graphic Card Zotac,2022-02-18,150.0,https://www.ebay.com/itm/234428164932?epid=14026724690&hash=item369501eb44:g:KIMAAOSw1zddMi4f,False
583,752,EVGA 04G-P4-6255-KR GeForce GTX 1050 TI SSC Gaming 4GB GDDR5 Graphics Card,2022-02-18,190.0,https://www.ebay.com/itm/373927347647?epid=19032163836&hash=item570fce85bf:g:ZIEAAOSw5iJiBsFK,False
584,755,NVIDIA MSI GeForce GTX 1050 Ti 4GB GDDR5 Graphics Card (GTX1050TI4GTOC),2022-02-18,190.0,https://www.ebay.com/itm/403475981140?hash=item5df10ae354:g:jFQAAOSwfvdiC95-,False
585,756,Zotac GeForce GTX 1050 Ti 4GB Mini,2022-02-18,147.5,https://www.ebay.com/itm/224836807748?epid=14026724690&hash=item3459516c44:g:eO8AAOSwTgBiApP2,False
587,758,"EVGA GeForce GTX 1050 TI SC Gaming (4GB, GDDR5 Graphics Card)",2022-02-17,190.0,https://www.ebay.com/itm/334334128996?epid=20003297363&hash=item4dd7ddf364:g:MygAAOSw6AJiDum7,False
590,762,Zotac geforce gtx 1050 ti 4gb 128 bit Graphics card,2022-02-17,142.5,https://www.ebay.com/itm/284643915226?hash=item42461975da:g:MnkAAOSwWfliAbUD,False
591,764,NVIDIA MSI GeForce GTX 1050 Ti 4GB GDDR5 Graphics Card (GTX1050TI4GTOC),2022-02-17,153.5,https://www.ebay.com/itm/255390225072?epid=22025879252&hash=item3b767192b0:g:F4gAAOSwtUViDY4V,False
592,767,Colorful Nividia GeForce IGAME iGame1050Ti U-4GD5 Gaming Video Graphics Card,2022-02-17,129.99,https://www.ebay.com/itm/154852837286?hash=item240df2c7a6:g:y5QAAOSwADZiDW0Y,False
593,768,ASUS GeForce GTX 1050 Ti 4GB GDDR5 Graphics Card (PHGTX1050TI4G),2022-02-17,152.5,https://www.ebay.com/itm/224832026241?epid=18036427347&hash=item3459087681:g:2-sAAOSwWz5iBU2Y,False
594,769,NVIDIA GeForce GTX 1050 TI 4GB GDDR5 Graphics card,2022-02-17,150.0,https://www.ebay.com/itm/154851665846?hash=item240de0e7b6:g:t9EAAOSwHk5iDK2j,False
595,770,"EVGA GeForce GTX 1050 TI SC Gaming (4GB, GDDR5 Graphics Card)",2022-02-17,160.0,https://www.ebay.com/itm/125142353750?epid=20003297363&hash=item1d2310c756:g:uW4AAOSwlpdh-~9F,False
597,772,MSI NVIDIA GeForce GTX 1050 Ti 4GB GDDR5 Graphics Card,2022-02-17,147.5,https://www.ebay.com/itm/154839680680?epid=12021678942&hash=item240d2a06a8:g:vDMAAOSwW5Jh9xg0,False
599,774,ZOTAC GeForce GTX 1050 TI OC Edition 4gb Gddr5,2022-02-16,169.5,https://www.ebay.com/itm/175151657101?hash=item28c7da308d:g:B70AAOSwh0BiBKlM,False
600,775,ZOTAC Geforce GTX 1050 Ti Mini 4GB GDDR5 Gaming Graphic Card (ZT-P10510A-10L),2022-02-16,174.99,https://www.ebay.com/itm/234422836392?epid=14026724690&hash=item3694b09ca8:g:dqQAAOSwRath8dzL,False
601,776,EVGA Geforce GTX 1050 Ti video card,2022-02-16,155.0,https://www.ebay.com/itm/384737287898?hash=item5994211eda:g:X-MAAOSwVU5iDGq8,False
602,778,ASUS GeForce GTX 1050 Ti 4GB Phoenix Fan DVI-D HDMI DP 1.4 Gaming Graphics Card,2022-02-16,194.7,https://www.ebay.com/itm/325042299312?hash=item4bae07e1b0:g:dqMAAOSwukxiBITO,False
603,779,MSI GeForce 4GB (GTX 1050 TI GAMING X 4G) Graphics Card,2022-02-16,169.99,https://www.ebay.com/itm/325054518259?hash=item4baec253f3:g:XZUAAOSwQoRiDbQ6,False
604,780,MSI GeForce 4GB (GTX 1050 TI GAMING X 4G) Graphics Card,2022-02-16,144.5,https://www.ebay.com/itm/403461716953?epid=10021692240&hash=item5df0313bd9:g:k1cAAOSwAZpiBGah,False
605,781,"EVGA GeForce GTX 1050 TI 4GB, GDDR5 Graphics Card",2022-02-16,147.5,https://www.ebay.com/itm/154838464985?hash=item240d1779d9:g:GBgAAOSwH71iBE0D,False
606,782,"EVGA GeForce GTX 1050 Ti GAMING, 04G-P4-6251-KR, 4GB GDDR5, ACX 2.0 (Single Fan)",2022-02-16,149.0,https://www.ebay.com/itm/353890436493?hash=item526583858d:g:gmYAAOSwm75h~BF1,False
607,783,MSI NVIDIA GeForce GTX 1050 Ti 4GB GDDR5 Graphics Card,2022-02-16,145.0,https://www.ebay.com/itm/275170952377?epid=12021678942&hash=item40117784b9:g:tO4AAOSwIJpiDXBi,False
608,785,Asus PH-GTX1050TI-4G GeForce GTX 1050 Ti 4GB Phoenix Fan Edition Graphics Card,2022-02-16,185.0,https://www.ebay.com/itm/224841829184?epid=28031984310&hash=item34599e0b40:g:J3AAAOSwBhdh8xZF,False
609,786,GIGABYTE GeForce GTX 1050 Ti 4GB GDDR5 Graphics Card (GVN105TD54GD),2022-02-16,140.0,https://www.ebay.com/itm/373923785131?epid=5026512636&hash=item570f9829ab:g:9QUAAOSwZiliBCtS,False
611,788,GIGABYTE GeForce GTX 1050 Ti 4GB GDDR5 Graphics Card ,2022-02-16,175.0,https://www.ebay.com/itm/363728710970?epid=5026512636&hash=item54afebad3a:g:LPkAAOSwRYRiCyut,False
612,789,GIGABYTE GeForce GTX 1050 Ti 4GB GDDR5 Graphics Card (GVN105TD54GD) READ DESC,2022-02-16,160.0,https://www.ebay.com/itm/304358334846?epid=5026512636&hash=item46dd2ba17e:g:S5oAAOSwTqViCFzK,False
613,790,"EVGA GeForce GTX 1050 TI SC Gaming (4GB, GDDR5 Graphics Card)",2022-02-16,157.5,https://www.ebay.com/itm/294804957007?epid=20003297363&hash=item44a3bea74f:g:iIkAAOSwd0ViA~FQ,False
615,792,"EVGA GeForce GTX 1050 TI SC Gaming (4GB, GDDR5 Graphics Card) | Used, Excellent",2022-02-16,152.5,https://www.ebay.com/itm/255378242655?hash=item3b75babc5f:g:M-kAAOSwTgBh-C29,False
618,795,EVGA Geforce GTX 1050 ti SC 4GB GDDR5,2022-02-16,145.0,https://www.ebay.com/itm/265541607048?epid=20003297363&hash=item3dd3835e88:g:bQoAAOSwcdJiA8i1,False
619,799,ASUS Cerberus GTX 1050Ti 4Gb DDR5 OC,2022-02-15,156.5,https://www.ebay.com/itm/175149919457?hash=item28c7bface1:g:GiEAAOSw71hiAx7N,False
620,800,PNY GeForce GTX 1050 Ti 4GB XLR8 OC GDDR5 VCGGTX1050T4XGPB-OC 1050ti Video Card,2022-02-15,160.0,https://www.ebay.com/itm/255371964440?hash=item3b755af018:g:e10AAOSwiith~xq8,False
621,801,EVGA GTX 1050 ti SC 4GB GDDR5 ,2022-02-15,143.5,https://www.ebay.com/itm/125139395106?hash=item1d22e3a222:g:P1oAAOSwVtRiAw9G,False
623,803,ZOTAC Geforce GTX 1050 Ti Mini 4GB GDDR5 Gaming Graphic Card (ZT-P10510A-10L),2022-02-15,152.5,https://www.ebay.com/itm/185289404220?epid=14026724690&hash=item2b241bef3c:g:T5kAAOSwDDtiBOKg,False
624,804,MSI Nvidia GEFORCE GTX 1050 TI GAMING X BV 4GB 128Bit GDDR5 Graphics,2022-02-15,160.5,https://www.ebay.com/itm/154836356333?hash=item240cf74ced:g:JxcAAOSw5VNiAu~K,False
625,805,evga 1050 ti,2022-02-15,157.5,https://www.ebay.com/itm/154836333122?hash=item240cf6f242:g:djEAAOSwCEpiAu8y,False
627,807,ZOTAC Geforce GTX 1050 Ti Mini 4GB GDDR5 Gaming Graphic Card (ZT-P10510A-10L),2022-02-15,150.0,https://www.ebay.com/itm/175160237935?epid=14026724690&hash=item28c85d1f6f:g:1toAAOSwLY9iC~2a,False
628,808,NVIDIA GEFORCE GTX 1050 TI 4gb Overclock Edition,2022-02-15,142.5,https://www.ebay.com/itm/403458989850?hash=item5df0079f1a:g:9K8AAOSwPPFiArgU,False
629,809,MSI NVIDIA GeForce GTX 1050 Ti 4GB GDDR5 Graphics Card,2022-02-15,150.0,https://www.ebay.com/itm/284654908053?epid=12021678942&hash=item4246c13295:g:umgAAOSwhyViC9Ih,False
630,810,Zotec Geforce GTX 1050 ti 4GB OC,2022-02-15,153.0,https://www.ebay.com/itm/165324639398?hash=item267e1dcca6:g:wkIAAOSw5wRiAqr9,False
631,813,ZOTAC Geforce GTX 1050 Ti Mini 4GB GDDR5 Gaming Graphic Card (ZT-P10510A-10L),2022-02-14,147.5,https://www.ebay.com/itm/304349436932?epid=14026724690&hash=item46dca3dc04:g:kFcAAOSw1LliAgmE,False
632,815,EVGA Geforce GTX 1050 Ti 4GB SC 1050ti Video Card ge force 4 g 1050 ti GEFORCE,2022-02-14,187.0,https://www.ebay.com/itm/255381500085?epid=20003297363&hash=item3b75ec70b5:g:XZAAAOSwKpBiBn9a,False
633,816,Maxsun Geforce GTX 1050 Ti 4GB - Transformers Series,2022-02-14,140.5,https://www.ebay.com/itm/325038466416?hash=item4badcd6570:g:eg4AAOSw6oxiAdpj,False
634,817,EVGA GeForce GTX 1050 Ti 4GB GDDR5 Graphics Card (04GP46255RX),2022-02-14,147.51,https://www.ebay.com/itm/203825608991?epid=760535328&hash=item2f74f3f91f:g:ARgAAOSwb~piAdeB,False
635,819,"EVGA GeForce GTX 1050 TI SC Gaming (4GB, GDDR5 Graphics Card)",2022-03-21,165.0,https://www.ebay.com/itm/175205771588?epid=20003297363&hash=item28cb13e944:g:Ir0AAOSwTXViNKu8,False
636,820,PNY GeForce GTX 1050 TI XLR8 OC 4GB Gaming Graphics Card VCGGTX1050T4XGPB-OC-BB,2022-03-21,130.0,https://www.ebay.com/itm/185350510535?hash=item2b27c057c7:g:mPoAAOSwUihiACK9,False
637,821,MSI Gaming GeForce GTX 1050 Ti 4GB GDDR5 PCI Express 3.0 x16 ATX Video Card GTX,2022-03-19,170.5,https://www.ebay.com/itm/275211884519?epid=10021692240&hash=item4013e817e7:g:3l8AAOSwJTBiL2ga,False
638,822,MSI GeForce GTX 1050 Ti GAMING X 4GB 4G 128-bit GDDR5 PCI-E 3.0 NVIDIA,2022-03-18,184.99,https://www.ebay.com/itm/275211357342?hash=item4013e00c9e:g:b1YAAOSwEcdiLwbh,False
639,823,GIGABYTE GeForce GTX 1050 Ti 4GB GDDR5 Graphics Card,2022-03-12,170.0,https://www.ebay.com/itm/403493372933?epid=5026512636&hash=item5df2144405:g:i14AAOSwcdRiFXIU,False
640,824,PNY/NVIDIA XLR8 GTX 1050 Ti Gaming OC 4GB GDDR5 128-Bit Video Graphics Card,2022-03-12,135.49,https://www.ebay.com/itm/224871139435?epid=14009503784&hash=item345b5d486b:g:oZYAAOSwoBZiJCvq,False
641,825,MSI GeForce GTX 1050 Ti 4GB PCI Express 3.0 Graphics Card,2022-03-11,200.0,https://www.ebay.com/itm/265590371511?epid=2305807244&hash=item3dd66b74b7:g:HskAAOSw3bRiK4QK,False
642,826,PNY GeForce GTX 1050 Ti 4GB XLR8 Gaming Graphics Card,2022-03-11,199.95,https://www.ebay.com/itm/144448293214?hash=item21a1ca095e:g:6IsAAOSwn~tiJONn,False
643,828,GIGABYTE GeForce GTX 1050 TI Windforce OC 4GB GDDR5 Graphics Card,2022-03-11,152.5,https://www.ebay.com/itm/393972423030?epid=18032167986&hash=item5bba961976:g:EHsAAOSw6u1iIr9H,False
644,829,MSI GeForce GTX 1050 Ti 4 GT OC 4GB 128-Bit GDDR5 HDCP Ready ATX Video Card,2022-03-11,162.5,https://www.ebay.com/itm/304383132548?epid=22025879252&hash=item46dea60384:g:PbAAAOSwAeZiGDys,False
645,830,MSI GeForce GTX 1050 Ti 4GB GDDR5 Graphics Card (GTX1050TI4GTOC) USED LIGHTLY ,2022-03-11,187.5,https://www.ebay.com/itm/224869516628?epid=22025879252&hash=item345b448554:g:CTMAAOSwzn5iIrFg,False
646,831,MSI NVIDIA GeForce GTX 1050 Ti 4GB GDDR5 Graphics Card,2022-03-05,176.07,https://www.ebay.com/itm/255407807042?epid=12021678942&hash=item3b777dda42:g:LNQAAOSwY8ViGwGo,False
648,833,NVIDIA GTX 1050 Ti 4GB GDDR5 Video Graphics Card GPU Gaming Mining ðŸ”¥,2022-03-05,132.5,https://www.ebay.com/itm/393966026137?epid=4042376927&hash=item5bba347d99:g:A5oAAOSwc69iHaMA,False
649,835,MSI NVIDIA GeForce GTX 1050 TI 4GB GDDR5 Graphics Card,2022-03-05,177.0,https://www.ebay.com/itm/353942798415?epid=21030523268&hash=item5268a2804f:g:w5MAAOSwVsViICoS,False
650,836,ASUS Phoenix GeForce GTX 1050 Ti 4GB GDDR5 Graphics Card,2022-03-05,140.0,https://www.ebay.com/itm/334349927759?epid=19003115284&hash=item4dd8cf054f:g:2HYAAOSwatJiICVZ,False
651,837,Asus GeForce GTX 1050 Ti 4GB Phoenix Fan Edition PH-GTX1050TI-4G Graphic Card ,2022-03-05,164.5,https://www.ebay.com/itm/304376168691?epid=28031984310&hash=item46de3bc0f3:g:LwsAAOSwYqZiG-Z2,False
652,838,GTX 1050 Ti 4GB Graphics Card,2022-03-05,150.0,https://www.ebay.com/itm/125100961300?hash=item1d20992e14:g:oQoAAOSwbn9h4in6,False
653,839,"EVGA GeForce GTX 1050 TI SC Gaming 4GB, GDDR5 Graphics CardÂ  (04G-P4-6253-KR)",2022-02-14,152.5,https://www.ebay.com/itm/185288551818?epid=20003297363&hash=item2b240eed8a:g:sK8AAOSww21iBAzD,False
655,841,ASUS GeForce GTX 1050 TI 4GB GDDR5 Graphic  DUAL-GTX1050TI-O4G,2022-02-14,191.79,https://www.ebay.com/itm/265543830803?hash=item3dd3a54d13:g:2F4AAOSwd0ViBZbJ,False
657,843,"EVGA GeForce GTX 1050 TI SC Gaming (4GB, GDDR5 Graphics Card)",2022-02-14,145.0,https://www.ebay.com/itm/313869647895?epid=20003297363&hash=item491416c017:g:RKEAAOSwM0piBEt8,False
658,844,EVGA NVIDIA GTX 1050 TI SSC Graphics GPU Card with 4GB GDDR5 Memory FTW EDITION,2022-02-14,189.99,https://www.ebay.com/itm/194804821901?hash=item2d5b45af8d:g:s2wAAOSwtixiAbT2,False
660,846,gtx 1050 ti 4gb Japanese brand,2022-02-14,144.0,https://www.ebay.com/itm/175150497573?hash=item28c7c87f25:g:d2UAAOSwT45iA6z3,False
